Date,Ordered Product Sales,Ordered Product Sales - B2B,Units Ordered,Units Ordered - B2B,Total Order Items,Total Order Items - B2B,Average Sales per Order Item,Average Sales per Order Item - B2B,Average Units per Order Item,Average Units per Order Item - B2B,Average Selling Price,Average Selling Price - B2B,Page Views - Mobile App,Page Views - Mobile APP - B2B,Page Views - Browser,Page Views - Browser - B2B,Page Views - Total,Page Views - Total - B2B,Sessions - Mobile App,Sessions - Mobile APP - B2B,Sessions - Browser,Sessions - Browser - B2B,Sessions - Total,Sessions - Total - B2B,Featured Offer Percentage,Featured Offer Percentage - B2B,Order Item Session Percentage,Order Item Session Percentage - B2B,Unit Session Percentage,Unit Session Percentage - B2B,Average Offer Count,Average Parent Items,Units Refunded,Units Refunded – B2B,Refund Rate,Refund Rate – B2B,Feedback Received,Feedback Received – B2B,Negative Feedback Received,Negative Feedback Received – B2B,Received Negative Feedback Rate,Received Negative Feedback Rate – B2B,A-to-z Claims Granted,Claims Amount,A-to-z Claims Granted - B2B,Claims Amount - B2B,Shipped Product Sales,Shipped Product Sales - B2B,Units Shipped,Units Shipped - B2B,Orders Shipped,Orders Shipped - B2B
01/09/25,"₹1,495.00",₹0.00,5,0,5,0,₹299.00,₹0.00,1.00,0.00,₹299.00,₹0.00,61,0,6,0,67,0,38,0,5,0,43,0,94.64%,0.00%,11.63%,0.00%,11.63%,0.00%,38,37,0,0,0.00%,0.00%,0,0,0,0,0.00%,0.00%,0,₹0.00,0,₹0.00,₹870.87,₹0.00,3,0,3,0
02/09/25,₹249.00,₹0.00,1,0,1,0,₹249.00,₹0.00,1.00,0.00,₹249.00,₹0.00,40,1,2,0,42,1,35,1,2,0,37,1,100.00%,100.00%,2.70%,0.00%,2.70%,0.00%,38,37,0,0,0.00%,0.00%,0,0,0,0,0.00%,0.00%,0,₹0.00,0,₹0.00,"₹1,451.45",₹0.00,5,0,5,0
03/09/25,₹0.00,₹0.00,0,0,0,0,₹0.00,₹0.00,0.00,0.00,₹0.00,₹0.00,39,1,2,0,41,1,29,1,2,0,31,1,100.00%,100.00%,0.00%,0.00%,0.00%,0.00%,38,37,0,0,0.00%,0.00%,0,0,0,0,0.00%,0.00%,0,₹0.00,0,₹0.00,₹241.75,₹0.00,1,0,1,0
04/09/25,₹299.00,₹0.00,1,0,1,0,₹299.00,₹0.00,1.00,0.00,₹299.00,₹0.00,42,0,7,1,49,1,33,0,6,1,39,1,100.00%,100.00%,2.56%,0.00%,2.56%,0.00%,38,37,0,0,0.00%,0.00%,0,0,0,0,0.00%,0.00%,0,₹0.00,0,₹0.00,₹290.29,₹0.00,1,0,1,0
05/09/25,₹0.00,₹0.00,0,0,0,0,₹0.00,₹0.00,0.00,0.00,₹0.00,₹0.00,25,0,4,0,29,0,18,0,2,0,20,0,100.00%,0.00%,0.00%,0.00%,0.00%,0.00%,38,37,2,0,0.00%,0.00%,0,0,0,0,0.00%,0.00%,0,₹0.00,0,₹0.00,₹0.00,₹0.00,0,0,0,0
06/09/25,₹249.00,₹0.00,1,0,1,0,₹249.00,₹0.00,1.00,0.00,₹249.00,₹0.00,55,0,3,0,58,0,31,0,3,0,34,0,100.00%,0.00%,2.94%,0.00%,2.94%,0.00%,38,37,0,0,0.00%,0.00%,0,0,0,0,0.00%,0.00%,0,₹0.00,0,₹0.00,₹0.00,₹0.00,0,0,0,0
07/09/25,₹299.00,₹0.00,1,0,1,0,₹299.00,₹0.00,1.00,0.00,₹299.00,₹0.00,70,0,4,0,74,0,55,0,4,0,59,0,100.00%,0.00%,1.69%,0.00%,1.69%,0.00%,38,37,0,0,0.00%,0.00%,0,0,0,0,0.00%,0.00%,0,₹0.00,0,₹0.00,₹532.04,₹0.00,2,0,2,0
08/09/25,₹598.00,₹0.00,2,0,2,0,₹299.00,₹0.00,1.00,0.00,₹299.00,₹0.00,43,2,4,1,47,3,34,1,3,1,37,2,100.00%,100.00%,5.41%,0.00%,5.41%,0.00%,38,37,0,0,0.00%,0.00%,0,0,0,0,0.00%,0.00%,0,₹0.00,0,₹0.00,₹0.00,₹0.00,0,0,0,0
09/09/25,₹598.00,₹0.00,2,0,2,0,₹299.00,₹0.00,1.00,0.00,₹299.00,₹0.00,88,0,7,2,95,2,61,0,4,1,65,1,100.00%,100.00%,3.08%,0.00%,3.08%,0.00%,38,37,1,0,50.00%,0.00%,0,0,0,0,0.00%,0.00%,0,₹0.00,0,₹0.00,₹580.58,₹0.00,2,0,2,0
10/09/25,"₹2,275.00",₹0.00,5,0,5,0,₹455.00,₹0.00,1.00,0.00,₹455.00,₹0.00,157,1,40,0,197,1,113,1,31,0,144,1,89.88%,100.00%,3.47%,0.00%,3.47%,0.00%,45,44,0,0,0.00%,0.00%,0,0,0,0,0.00%,0.00%,0,₹0.00,0,₹0.00,₹580.58,₹0.00,2,0,2,0
11/09/25,"₹4,435.00",₹0.00,5,0,5,0,₹887.00,₹0.00,1.00,0.00,₹887.00,₹0.00,166,0,28,0,194,0,111,0,24,0,135,0,96.86%,0.00%,3.70%,0.00%,3.70%,0.00%,44,43,0,0,0.00%,0.00%,0,0,0,0,0.00%,0.00%,0,₹0.00,0,₹0.00,"₹2,469.93",₹0.00,6,0,6,0
12/09/25,"₹1,199.00",₹0.00,1,0,1,0,"₹1,199.00",₹0.00,1.00,0.00,"₹1,199.00",₹0.00,106,0,43,4,149,4,84,0,31,1,115,1,98.50%,0.00%,0.87%,0.00%,0.87%,0.00%,44,43,1,0,100.00%,0.00%,0,0,0,0,0.00%,0.00%,0,₹0.00,0,₹0.00,₹0.00,₹0.00,0,0,0,0
13/09/25,"₹3,205.00",₹0.00,5,0,5,0,₹641.00,₹0.00,1.00,0.00,₹641.00,₹0.00,127,0,55,4,182,4,90,0,43,3,133,3,81.53%,25.00%,3.76%,0.00%,3.76%,0.00%,92,91,0,0,0.00%,0.00%,0,0,0,0,0.00%,0.00%,0,₹0.00,0,₹0.00,"₹4,044.67",₹0.00,4,0,4,0
14/09/25,"₹5,304.00",₹0.00,6,0,6,0,₹884.00,₹0.00,1.00,0.00,₹884.00,₹0.00,403,0,106,0,509,0,268,0,74,0,342,0,99.54%,0.00%,1.75%,0.00%,1.75%,0.00%,92,91,0,0,0.00%,0.00%,0,0,0,0,0.00%,0.00%,0,₹0.00,0,₹0.00,₹522.34,₹0.00,2,0,2,0
15/09/25,"₹8,931.00",₹0.00,9,0,8,0,"₹1,116.38",₹0.00,1.12,0.00,₹992.33,₹0.00,353,0,110,2,463,2,227,0,87,1,314,1,100.00%,0.00%,2.55%,0.00%,2.87%,0.00%,92,91,1,0,11.11%,0.00%,0,0,0,0,0.00%,0.00%,0,₹0.00,0,₹0.00,"₹4,536.92",₹0.00,7,0,7,0
16/09/25,"₹1,768.00",₹0.00,2,0,2,0,₹884.00,₹0.00,1.00,0.00,₹884.00,₹0.00,254,2,102,0,356,2,194,2,78,0,272,2,98.48%,100.00%,0.74%,0.00%,0.74%,0.00%,92,91,0,0,0.00%,0.00%,0,0,0,0,0.00%,0.00%,0,₹0.00,0,₹0.00,"₹1,073.80",₹0.00,4,0,3,0
17/09/25,"₹4,766.00",₹0.00,4,0,4,0,"₹1,191.50",₹0.00,1.00,0.00,"₹1,191.50",₹0.00,385,7,108,0,493,7,281,7,85,0,366,7,100.00%,100.00%,1.09%,0.00%,1.09%,0.00%,92,91,0,0,0.00%,0.00%,0,0,0,0,0.00%,0.00%,0,₹0.00,0,₹0.00,"₹11,114.28",₹0.00,9,0,9,0
18/09/25,"₹7,433.00",₹0.00,7,0,7,0,"₹1,061.86",₹0.00,1.00,0.00,"₹1,061.86",₹0.00,489,4,131,1,620,5,328,4,99,1,427,5,99.81%,100.00%,1.64%,0.00%,1.64%,0.00%,92,91,0,0,0.00%,0.00%,0,0,0,0,0.00%,0.00%,0,₹0.00,0,₹0.00,₹522.34,₹0.00,2,0,2,0
19/09/25,"₹10,531.00",₹0.00,9,0,9,0,"₹1,170.11",₹0.00,1.00,0.00,"₹1,170.11",₹0.00,513,4,188,4,701,8,357,4,149,3,506,7,93.38%,100.00%,1.78%,0.00%,1.78%,0.00%,86,85,0,0,0.00%,0.00%,0,0,0,0,0.00%,0.00%,0,₹0.00,0,₹0.00,"₹9,387.21",₹0.00,9,0,9,0
20/09/25,"₹4,497.00",₹0.00,3,0,3,0,"₹1,499.00",₹0.00,1.00,0.00,"₹1,499.00",₹0.00,449,9,120,0,569,9,331,4,91,0,422,4,99.01%,100.00%,0.71%,0.00%,0.71%,0.00%,"1,237","1,237",1,0,33.33%,0.00%,0,0,0,0,0.00%,0.00%,0,₹0.00,0,₹0.00,₹261.17,₹0.00,1,0,1,0
21/09/25,"₹4,374.00",₹0.00,2,0,2,0,"₹2,187.00",₹0.00,1.00,0.00,"₹2,187.00",₹0.00,628,1,154,0,782,1,454,1,131,0,585,1,100.00%,0.00%,0.34%,0.00%,0.34%,0.00%,"1,237","1,237",2,0,100.00%,0.00%,0,0,0,0,0.00%,0.00%,0,₹0.00,0,₹0.00,"₹2,540.68",₹0.00,2,0,2,0
22/09/25,"₹19,757.00",₹0.00,11,0,11,0,"₹1,796.09",₹0.00,1.00,0.00,"₹1,796.09",₹0.00,"1,416",10,409,3,"1,825",13,987,8,301,2,"1,288",10,99.82%,100.00%,0.85%,0.00%,0.85%,0.00%,"1,237","1,237",0,0,0.00%,0.00%,0,0,0,0,0.00%,0.00%,0,₹0.00,0,₹0.00,"₹19,660.85",₹0.00,14,0,14,0
23/09/25,"₹30,089.00",₹0.00,11,0,11,0,"₹2,735.36",₹0.00,1.00,0.00,"₹2,735.36",₹0.00,"2,476",14,667,1,"3,143",15,"1,819",12,494,1,"2,313",13,99.64%,100.00%,0.48%,0.00%,0.48%,0.00%,"1,232","1,232",1,0,9.09%,0.00%,0,0,0,0,0.00%,0.00%,0,₹0.00,0,₹0.00,"₹5,716.96",₹0.00,4,0,4,0
24/09/25,"₹43,246.00",₹0.00,16,0,16,0,"₹2,702.88",₹0.00,1.00,0.00,"₹2,702.88",₹0.00,"2,212",40,621,4,"2,833",44,"1,599",22,462,1,"2,061",23,99.60%,100.00%,0.78%,0.00%,0.78%,0.00%,"1,234","1,234",1,0,6.25%,0.00%,0,0,0,0,0.00%,0.00%,0,₹0.00,0,₹0.00,"₹31,364.40",₹0.00,16,0,16,0
25/09/25,"₹25,589.00",₹0.00,9,0,9,0,"₹2,843.22",₹0.00,1.00,0.00,"₹2,843.22",₹0.00,"2,387",37,706,10,"3,093",47,"1,750",29,523,8,"2,273",37,99.67%,95.65%,0.40%,0.00%,0.40%,0.00%,"1,238","1,238",6,0,66.67%,0.00%,0,0,0,0,0.00%,0.00%,0,₹0.00,0,₹0.00,"₹15,053.40",₹0.00,6,0,6,0
26/09/25,"₹26,936.00",₹0.00,9,0,9,0,"₹2,992.89",₹0.00,1.00,0.00,"₹2,992.89",₹0.00,"3,091",31,800,3,"3,891",34,"2,261",22,596,3,"2,857",25,99.83%,100.00%,0.32%,0.00%,0.32%,0.00%,"1,238","1,238",3,0,33.33%,0.00%,0,0,0,0,0.00%,0.00%,0,₹0.00,0,₹0.00,"₹34,468.26",₹0.00,15,0,15,0
27/09/25,"₹48,861.00",₹0.00,17,0,17,0,"₹2,874.18",₹0.00,1.00,0.00,"₹2,874.18",₹0.00,"3,428",43,987,6,"4,415",49,"2,497",31,735,4,"3,232",35,99.64%,100.00%,0.53%,0.00%,0.53%,0.00%,"1,238","1,238",2,0,11.76%,0.00%,0,0,0,0,0.00%,0.00%,0,₹0.00,0,₹0.00,"₹30,814.42",₹0.00,13,0,13,0
28/09/25,"₹37,014.00",₹0.00,14,0,14,0,"₹2,643.86",₹0.00,1.00,0.00,"₹2,643.86",₹0.00,"3,877",35,"1,210",6,"5,087",41,"2,914",25,852,5,"3,766",30,99.52%,95.00%,0.37%,0.00%,0.37%,0.00%,"1,238","1,238",3,0,21.43%,0.00%,0,0,0,0,0.00%,0.00%,0,₹0.00,0,₹0.00,"₹10,049.15",₹0.00,3,0,3,0
29/09/25,"₹9,646.00",₹0.00,4,0,4,0,"₹2,411.50",₹0.00,1.00,0.00,"₹2,411.50",₹0.00,"2,138",11,818,4,"2,956",15,"1,544",10,473,4,"2,017",14,84.66%,72.73%,0.20%,0.00%,0.20%,0.00%,5,5,4,0,100.00%,0.00%,1,0,0,0,0.00%,0.00%,0,₹0.00,0,₹0.00,"₹68,258.33",₹0.00,29,0,29,0
30/09/25,₹538.00,₹0.00,2,0,2,0,₹269.00,₹0.00,1.00,0.00,₹269.00,₹0.00,40,0,10,0,50,0,27,0,8,0,35,0,100.00%,0.00%,5.71%,0.00%,5.71%,0.00%,5,5,2,0,100.00%,0.00%,0,0,0,0,0.00%,0.00%,0,₹0.00,0,₹0.00,"₹2,712.31",₹0.00,4,0,4,0
01/10/25,₹508.00,₹0.00,2,0,2,0,₹254.00,₹0.00,1.00,0.00,₹254.00,₹0.00,63,1,4,0,67,1,52,1,4,0,56,1,100.00%,100.00%,3.57%,0.00%,3.57%,0.00%,6,6,0,0,0.00%,0.00%,0,0,0,0,0.00%,0.00%,0,₹0.00,0,₹0.00,"₹3,172.88",₹0.00,1,0,1,0
02/10/25,₹0.00,₹0.00,0,0,0,0,₹0.00,₹0.00,0.00,0.00,₹0.00,₹0.00,65,1,10,1,75,2,43,1,8,1,51,2,100.00%,100.00%,0.00%,0.00%,0.00%,0.00%,6,6,6,0,0.00%,0.00%,0,0,0,0,0.00%,0.00%,0,₹0.00,0,₹0.00,₹493.21,₹0.00,2,0,2,0
03/10/25,₹0.00,₹0.00,0,0,0,0,₹0.00,₹0.00,0.00,0.00,₹0.00,₹0.00,2,0,0,0,2,0,2,0,0,0,2,0,50.00%,0.00%,0.00%,0.00%,0.00%,0.00%,0,0,3,0,0.00%,0.00%,0,0,0,0,0.00%,0.00%,0,₹0.00,0,₹0.00,₹0.00,₹0.00,0,0,0,0
04/10/25,₹0.00,₹0.00,0,0,0,0,₹0.00,₹0.00,0.00,0.00,₹0.00,₹0.00,21,0,4,1,25,1,15,0,2,1,17,1,100.00%,100.00%,0.00%,0.00%,0.00%,0.00%,6,6,4,0,0.00%,0.00%,0,0,0,0,0.00%,0.00%,0,₹0.00,0,₹0.00,₹0.00,₹0.00,0,0,0,0
05/10/25,₹478.00,₹0.00,2,0,2,0,₹239.00,₹0.00,1.00,0.00,₹239.00,₹0.00,25,0,0,0,25,0,14,0,0,0,14,0,89.47%,0.00%,14.29%,0.00%,14.29%,0.00%,0,0,4,0,200.00%,0.00%,0,0,0,0,0.00%,0.00%,0,₹0.00,0,₹0.00,₹0.00,₹0.00,0,0,0,0
06/10/25,₹0.00,₹0.00,0,0,0,0,₹0.00,₹0.00,0.00,0.00,₹0.00,₹0.00,0,0,0,0,0,0,0,0,0,0,0,0,0.00%,0.00%,0.00%,0.00%,0.00%,0.00%,0,0,3,0,0.00%,0.00%,0,0,0,0,0.00%,0.00%,0,₹0.00,0,₹0.00,₹464.08,₹0.00,2,0,2,0
07/10/25,₹0.00,₹0.00,0,0,0,0,₹0.00,₹0.00,0.00,0.00,₹0.00,₹0.00,0,0,0,0,0,0,0,0,0,0,0,0,0.00%,0.00%,0.00%,0.00%,0.00%,0.00%,0,0,4,0,0.00%,0.00%,0,0,0,0,0.00%,0.00%,0,₹0.00,0,₹0.00,₹0.00,₹0.00,0,0,0,0
08/10/25,₹0.00,₹0.00,0,0,0,0,₹0.00,₹0.00,0.00,0.00,₹0.00,₹0.00,0,0,0,0,0,0,0,0,0,0,0,0,0.00%,0.00%,0.00%,0.00%,0.00%,0.00%,6,6,1,0,0.00%,0.00%,0,0,0,0,0.00%,0.00%,0,₹0.00,0,₹0.00,₹0.00,₹0.00,0,0,0,0
09/10/25,₹0.00,₹0.00,0,0,0,0,₹0.00,₹0.00,0.00,0.00,₹0.00,₹0.00,14,1,0,0,14,1,12,1,0,0,12,1,100.00%,100.00%,0.00%,0.00%,0.00%,0.00%,6,6,7,0,0.00%,0.00%,0,0,0,0,0.00%,0.00%,0,₹0.00,0,₹0.00,₹0.00,₹0.00,0,0,0,0
10/10/25,₹0.00,₹0.00,0,0,0,0,₹0.00,₹0.00,0.00,0.00,₹0.00,₹0.00,21,1,0,0,21,1,13,1,0,0,13,1,100.00%,100.00%,0.00%,0.00%,0.00%,0.00%,6,6,1,0,0.00%,0.00%,0,0,0,0,0.00%,0.00%,0,₹0.00,0,₹0.00,₹0.00,₹0.00,0,0,0,0
11/10/25,₹0.00,₹0.00,0,0,0,0,₹0.00,₹0.00,0.00,0.00,₹0.00,₹0.00,15,0,0,0,15,0,11,0,0,0,11,0,100.00%,0.00%,0.00%,0.00%,0.00%,0.00%,6,6,4,0,0.00%,0.00%,0,0,0,0,0.00%,0.00%,0,₹0.00,0,₹0.00,₹0.00,₹0.00,0,0,0,0
12/10/25,₹239.00,₹0.00,1,0,1,0,₹239.00,₹0.00,1.00,0.00,₹239.00,₹0.00,20,0,2,0,22,0,14,0,2,0,16,0,100.00%,0.00%,6.25%,0.00%,6.25%,0.00%,6,6,0,0,0.00%,0.00%,0,0,0,0,0.00%,0.00%,0,₹0.00,0,₹0.00,₹0.00,₹0.00,0,0,0,0
13/10/25,₹0.00,₹0.00,0,0,0,0,₹0.00,₹0.00,0.00,0.00,₹0.00,₹0.00,14,0,0,0,14,0,7,0,0,0,7,0,77.78%,0.00%,0.00%,0.00%,0.00%,0.00%,6,6,1,0,0.00%,0.00%,0,0,0,0,0.00%,0.00%,0,₹0.00,0,₹0.00,₹0.00,₹0.00,0,0,0,0
14/10/25,₹0.00,₹0.00,0,0,0,0,₹0.00,₹0.00,0.00,0.00,₹0.00,₹0.00,10,1,1,0,11,1,9,1,1,0,10,1,100.00%,0.00%,0.00%,0.00%,0.00%,0.00%,6,6,0,0,0.00%,0.00%,0,0,0,0,0.00%,0.00%,0,₹0.00,0,₹0.00,₹0.00,₹0.00,0,0,0,0
15/10/25,₹0.00,₹0.00,0,0,0,0,₹0.00,₹0.00,0.00,0.00,₹0.00,₹0.00,16,0,1,0,17,0,15,0,1,0,16,0,100.00%,0.00%,0.00%,0.00%,0.00%,0.00%,6,6,1,0,0.00%,0.00%,0,0,0,0,0.00%,0.00%,0,₹0.00,0,₹0.00,₹232.04,₹0.00,1,0,1,0
16/10/25,₹0.00,₹0.00,0,0,0,0,₹0.00,₹0.00,0.00,0.00,₹0.00,₹0.00,14,0,1,0,15,0,9,0,1,0,10,0,100.00%,0.00%,0.00%,0.00%,0.00%,0.00%,6,6,0,0,0.00%,0.00%,0,0,0,0,0.00%,0.00%,0,₹0.00,0,₹0.00,₹0.00,₹0.00,0,0,0,0
17/10/25,₹0.00,₹0.00,0,0,0,0,₹0.00,₹0.00,0.00,0.00,₹0.00,₹0.00,12,0,0,0,12,0,6,0,0,0,6,0,100.00%,0.00%,0.00%,0.00%,0.00%,0.00%,6,6,0,0,0.00%,0.00%,0,0,0,0,0.00%,0.00%,0,₹0.00,0,₹0.00,₹0.00,₹0.00,0,0,0,0
18/10/25,₹0.00,₹0.00,0,0,0,0,₹0.00,₹0.00,0.00,0.00,₹0.00,₹0.00,12,0,1,0,13,0,8,0,1,0,9,0,100.00%,0.00%,0.00%,0.00%,0.00%,0.00%,6,6,0,0,0.00%,0.00%,0,0,0,0,0.00%,0.00%,0,₹0.00,0,₹0.00,₹0.00,₹0.00,0,0,0,0
19/10/25,₹299.00,₹0.00,1,0,1,0,₹299.00,₹0.00,1.00,0.00,₹299.00,₹0.00,18,0,1,0,19,0,12,0,1,0,13,0,100.00%,0.00%,7.69%,0.00%,7.69%,0.00%,6,6,0,0,0.00%,0.00%,0,0,0,0,0.00%,0.00%,0,₹0.00,0,₹0.00,₹0.00,₹0.00,0,0,0,0
20/10/25,₹0.00,₹0.00,0,0,0,0,₹0.00,₹0.00,0.00,0.00,₹0.00,₹0.00,3,0,0,0,3,0,3,0,0,0,3,0,100.00%,0.00%,0.00%,0.00%,0.00%,0.00%,6,6,0,0,0.00%,0.00%,0,0,0,0,0.00%,0.00%,0,₹0.00,0,₹0.00,₹0.00,₹0.00,0,0,0,0
21/10/25,₹299.00,₹0.00,1,0,1,0,₹299.00,₹0.00,1.00,0.00,₹299.00,₹0.00,4,0,0,0,4,0,4,0,0,0,4,0,100.00%,0.00%,25.00%,0.00%,25.00%,0.00%,6,6,0,0,0.00%,0.00%,1,0,0,0,0.00%,0.00%,0,₹0.00,0,₹0.00,₹0.00,₹0.00,0,0,0,0
22/10/25,₹0.00,₹0.00,0,0,0,0,₹0.00,₹0.00,0.00,0.00,₹0.00,₹0.00,12,0,0,0,12,0,9,0,0,0,9,0,90.91%,0.00%,0.00%,0.00%,0.00%,0.00%,6,6,1,0,0.00%,0.00%,0,0,0,0,0.00%,0.00%,0,₹0.00,0,₹0.00,₹0.00,₹0.00,0,0,0,0
23/10/25,₹0.00,₹0.00,0,0,0,0,₹0.00,₹0.00,0.00,0.00,₹0.00,₹0.00,36,0,3,0,39,0,25,0,3,0,28,0,100.00%,0.00%,0.00%,0.00%,0.00%,0.00%,6,6,1,0,0.00%,0.00%,0,0,0,0,0.00%,0.00%,0,₹0.00,0,₹0.00,₹0.00,₹0.00,0,0,0,0
24/10/25,₹0.00,₹0.00,0,0,0,0,₹0.00,₹0.00,0.00,0.00,₹0.00,₹0.00,25,0,2,0,27,0,17,0,2,0,19,0,100.00%,0.00%,0.00%,0.00%,0.00%,0.00%,5,5,1,0,0.00%,0.00%,0,0,0,0,0.00%,0.00%,0,₹0.00,0,₹0.00,₹580.58,₹0.00,2,0,2,0
25/10/25,₹299.00,₹0.00,1,0,1,0,₹299.00,₹0.00,1.00,0.00,₹299.00,₹0.00,13,0,2,0,15,0,12,0,2,0,14,0,100.00%,0.00%,7.14%,0.00%,7.14%,0.00%,5,5,0,0,0.00%,0.00%,0,0,0,0,0.00%,0.00%,0,₹0.00,0,₹0.00,₹0.00,₹0.00,0,0,0,0
26/10/25,₹299.00,₹0.00,1,0,1,0,₹299.00,₹0.00,1.00,0.00,₹299.00,₹0.00,7,1,4,0,11,1,6,1,2,0,8,1,100.00%,0.00%,12.50%,0.00%,12.50%,0.00%,5,5,0,0,0.00%,0.00%,0,0,0,0,0.00%,0.00%,0,₹0.00,0,₹0.00,₹0.00,₹0.00,0,0,0,0
27/10/25,₹0.00,₹0.00,0,0,0,0,₹0.00,₹0.00,0.00,0.00,₹0.00,₹0.00,141,1,20,1,161,2,100,1,16,1,116,2,93.39%,100.00%,0.00%,0.00%,0.00%,0.00%,117,117,0,0,0.00%,0.00%,0,0,0,0,0.00%,0.00%,0,₹0.00,0,₹0.00,₹580.58,₹0.00,2,0,2,0
28/10/25,"₹4,345.00",₹0.00,2,0,2,0,"₹2,172.50",₹0.00,1.00,0.00,"₹2,172.50",₹0.00,634,6,127,0,761,6,421,5,109,0,530,5,98.35%,100.00%,0.38%,0.00%,0.38%,0.00%,114,114,1,0,50.00%,0.00%,0,0,0,0,0.00%,0.00%,0,₹0.00,0,₹0.00,₹0.00,₹0.00,0,0,0,0
29/10/25,"₹7,062.00",₹0.00,3,0,3,0,"₹2,354.00",₹0.00,1.00,0.00,"₹2,354.00",₹0.00,608,1,143,1,751,2,422,1,114,1,536,2,99.50%,100.00%,0.56%,0.00%,0.56%,0.00%,110,110,0,0,0.00%,0.00%,1,0,1,0,100.00%,0.00%,0,₹0.00,0,₹0.00,"₹5,883.90",₹0.00,3,0,3,0
30/10/25,"₹4,949.00",₹0.00,3,0,3,0,"₹1,649.67",₹0.00,1.00,0.00,"₹1,649.67",₹0.00,591,7,128,1,719,8,406,6,107,1,513,7,98.61%,100.00%,0.58%,0.00%,0.58%,0.00%,108,108,0,0,0.00%,0.00%,0,0,0,0,0.00%,0.00%,0,₹0.00,0,₹0.00,₹0.00,₹0.00,0,0,0,0
31/10/25,₹0.00,₹0.00,0,0,0,0,₹0.00,₹0.00,0.00,0.00,₹0.00,₹0.00,545,3,180,0,725,3,392,3,114,0,506,3,99.84%,100.00%,0.00%,0.00%,0.00%,0.00%,108,108,1,0,0.00%,0.00%,0,0,0,0,0.00%,0.00%,0,₹0.00,0,₹0.00,"₹7,766.10",₹0.00,4,0,4,0
01/11/25,"₹6,070.00",₹0.00,3,0,3,0,"₹2,023.33",₹0.00,1.00,0.00,"₹2,023.33",₹0.00,646,13,186,3,832,16,461,9,114,2,575,11,99.31%,100.00%,0.52%,0.00%,0.52%,0.00%,103,103,0,0,0.00%,0.00%,0,0,0,0,0.00%,0.00%,0,₹0.00,0,₹0.00,₹241.75,₹0.00,1,0,1,0
02/11/25,"₹4,049.00",₹0.00,1,0,1,0,"₹4,049.00",₹0.00,1.00,0.00,"₹4,049.00",₹0.00,586,7,145,2,731,9,443,4,103,2,546,6,99.69%,50.00%,0.18%,0.00%,0.18%,0.00%,102,102,0,0,0.00%,0.00%,0,0,0,0,0.00%,0.00%,0,₹0.00,0,₹0.00,₹0.00,₹0.00,0,0,0,0
03/11/25,"₹3,370.00",₹0.00,1,0,1,0,"₹3,370.00",₹0.00,1.00,0.00,"₹3,370.00",₹0.00,527,2,136,1,663,3,379,1,112,1,491,2,99.32%,100.00%,0.20%,0.00%,0.20%,0.00%,100,100,1,0,100.00%,0.00%,0,0,0,0,0.00%,0.00%,0,₹0.00,0,₹0.00,"₹8,575.44",₹0.00,4,0,4,0
04/11/25,"₹4,309.00",₹0.00,2,0,2,0,"₹2,154.50",₹0.00,1.00,0.00,"₹2,154.50",₹0.00,486,7,140,1,626,8,350,5,101,1,451,6,81.52%,50.00%,0.44%,0.00%,0.44%,0.00%,99,99,0,0,0.00%,0.00%,0,0,0,0,0.00%,0.00%,0,₹0.00,0,₹0.00,"₹4,973.73",₹0.00,2,0,2,0
05/11/25,"₹5,315.00",₹0.00,2,0,2,0,"₹2,657.50",₹0.00,1.00,0.00,"₹2,657.50",₹0.00,491,2,105,0,596,2,359,2,85,0,444,2,98.67%,0.00%,0.45%,0.00%,0.45%,0.00%,97,97,1,0,50.00%,0.00%,0,0,0,0,0.00%,0.00%,0,₹0.00,0,₹0.00,"₹1,533.90",₹0.00,1,0,1,0
06/11/25,"₹6,939.00",₹0.00,3,0,3,0,"₹2,313.00",₹0.00,1.00,0.00,"₹2,313.00",₹0.00,552,4,151,0,703,4,397,3,112,0,509,3,97.90%,100.00%,0.59%,0.00%,0.59%,0.00%,93,93,1,0,33.33%,0.00%,0,0,0,0,0.00%,0.00%,0,₹0.00,0,₹0.00,"₹4,504.24",₹0.00,2,0,2,0
07/11/25,"₹4,578.00",₹0.00,2,0,2,0,"₹2,289.00",₹0.00,1.00,0.00,"₹2,289.00",₹0.00,558,5,138,0,696,5,394,4,99,0,493,4,98.02%,100.00%,0.41%,0.00%,0.41%,0.00%,90,90,0,0,0.00%,0.00%,0,0,0,0,0.00%,0.00%,0,₹0.00,0,₹0.00,"₹7,518.64",₹0.00,4,0,4,0
08/11/25,"₹12,014.00",₹0.00,5,0,5,0,"₹2,402.80",₹0.00,1.00,0.00,"₹2,402.80",₹0.00,583,0,98,5,681,5,404,0,70,4,474,4,98.81%,100.00%,1.05%,0.00%,1.05%,0.00%,85,85,0,0,0.00%,0.00%,0,0,0,0,0.00%,0.00%,0,₹0.00,0,₹0.00,"₹2,241.53",₹0.00,1,0,1,0
09/11/25,₹0.00,₹0.00,0,0,0,0,₹0.00,₹0.00,0.00,0.00,₹0.00,₹0.00,468,6,106,7,574,13,318,6,78,2,396,8,97.94%,100.00%,0.00%,0.00%,0.00%,0.00%,81,81,1,0,0.00%,0.00%,0,0,0,0,0.00%,0.00%,0,₹0.00,0,₹0.00,₹0.00,₹0.00,0,0,0,0
10/11/25,"₹5,151.00","₹2,806.00",2,1,2,1,"₹2,575.50","₹2,806.00",1.00,1.00,"₹2,575.50","₹2,806.00",438,0,113,3,551,3,291,0,82,2,373,2,98.95%,66.67%,0.54%,50.00%,0.54%,50.00%,77,77,0,0,0.00%,0.00%,2,0,2,0,100.00%,0.00%,0,₹0.00,0,₹0.00,"₹12,559.33",₹0.00,6,0,6,0
11/11/25,"₹2,405.00",₹0.00,1,0,1,0,"₹2,405.00",₹0.00,1.00,0.00,"₹2,405.00",₹0.00,326,0,71,0,397,0,241,0,59,0,300,0,98.55%,0.00%,0.33%,0.00%,0.33%,0.00%,75,75,0,0,0.00%,0.00%,0,0,0,0,0.00%,0.00%,0,₹0.00,0,₹0.00,"₹1,987.29",₹0.00,1,0,1,0
12/11/25,₹0.00,₹0.00,0,0,0,0,₹0.00,₹0.00,0.00,0.00,₹0.00,₹0.00,338,2,91,1,429,3,255,2,65,1,320,3,99.72%,100.00%,0.00%,0.00%,0.00%,0.00%,76,76,1,0,0.00%,0.00%,0,0,0,0,0.00%,0.00%,0,₹0.00,0,₹0.00,₹0.00,₹0.00,0,0,0,0
13/11/25,₹0.00,₹0.00,0,0,0,0,₹0.00,₹0.00,0.00,0.00,₹0.00,₹0.00,375,2,90,0,465,2,248,2,73,0,321,2,99.75%,100.00%,0.00%,0.00%,0.00%,0.00%,75,75,0,0,0.00%,0.00%,0,0,0,0,0.00%,0.00%,0,₹0.00,0,₹0.00,"₹2,038.14",₹0.00,1,0,1,0
14/11/25,₹0.00,₹0.00,0,0,0,0,₹0.00,₹0.00,0.00,0.00,₹0.00,₹0.00,304,4,78,1,382,5,217,3,62,1,279,4,97.98%,100.00%,0.00%,0.00%,0.00%,0.00%,73,73,0,0,0.00%,0.00%,0,0,0,0,0.00%,0.00%,0,₹0.00,0,₹0.00,₹0.00,₹0.00,0,0,0,0
15/11/25,₹0.00,₹0.00,0,0,0,0,₹0.00,₹0.00,0.00,0.00,₹0.00,₹0.00,328,0,90,0,418,0,235,0,58,0,293,0,98.91%,0.00%,0.00%,0.00%,0.00%,0.00%,73,73,0,0,0.00%,0.00%,0,0,0,0,0.00%,0.00%,0,₹0.00,0,₹0.00,₹0.00,₹0.00,0,0,0,0
16/11/25,"₹7,350.00",₹0.00,3,0,3,0,"₹2,450.00",₹0.00,1.00,0.00,"₹2,450.00",₹0.00,410,0,86,0,496,0,245,0,65,0,310,0,97.65%,0.00%,0.97%,0.00%,0.97%,0.00%,70,70,0,0,0.00%,0.00%,0,0,0,0,0.00%,0.00%,0,₹0.00,0,₹0.00,₹0.00,₹0.00,0,0,0,0
17/11/25,₹0.00,₹0.00,0,0,0,0,₹0.00,₹0.00,0.00,0.00,₹0.00,₹0.00,298,0,117,0,415,0,211,0,63,0,274,0,99.19%,0.00%,0.00%,0.00%,0.00%,0.00%,68,68,0,0,0.00%,0.00%,0,0,0,0,0.00%,0.00%,0,₹0.00,0,₹0.00,"₹6,228.82",₹0.00,3,0,3,0
18/11/25,₹0.00,₹0.00,0,0,0,0,₹0.00,₹0.00,0.00,0.00,₹0.00,₹0.00,226,2,75,1,301,3,169,2,53,1,222,3,99.63%,100.00%,0.00%,0.00%,0.00%,0.00%,59,59,0,0,0.00%,0.00%,0,0,0,0,0.00%,0.00%,0,₹0.00,0,₹0.00,₹0.00,₹0.00,0,0,0,0
19/11/25,₹0.00,₹0.00,0,0,0,0,₹0.00,₹0.00,0.00,0.00,₹0.00,₹0.00,286,6,65,0,351,6,208,4,47,0,255,4,100.00%,100.00%,0.00%,0.00%,0.00%,0.00%,59,59,0,0,0.00%,0.00%,0,0,0,0,0.00%,0.00%,0,₹0.00,0,₹0.00,₹0.00,₹0.00,0,0,0,0
20/11/25,"₹1,910.00",₹0.00,1,0,1,0,"₹1,910.00",₹0.00,1.00,0.00,"₹1,910.00",₹0.00,251,7,65,0,316,7,177,4,50,0,227,4,99.29%,100.00%,0.44%,0.00%,0.44%,0.00%,58,58,1,0,100.00%,0.00%,0,0,0,0,0.00%,0.00%,0,₹0.00,0,₹0.00,₹0.00,₹0.00,0,0,0,0
21/11/25,₹0.00,₹0.00,0,0,0,0,₹0.00,₹0.00,0.00,0.00,₹0.00,₹0.00,239,2,51,1,290,3,172,1,41,1,213,2,100.00%,100.00%,0.00%,0.00%,0.00%,0.00%,58,58,2,0,0.00%,0.00%,0,0,0,0,0.00%,0.00%,0,₹0.00,0,₹0.00,₹0.00,₹0.00,0,0,0,0
22/11/25,₹0.00,₹0.00,0,0,0,0,₹0.00,₹0.00,0.00,0.00,₹0.00,₹0.00,255,4,73,1,328,5,182,3,53,1,235,4,97.89%,100.00%,0.00%,0.00%,0.00%,0.00%,57,57,1,0,0.00%,0.00%,0,0,0,0,0.00%,0.00%,0,₹0.00,0,₹0.00,"₹1,618.64",₹0.00,1,0,1,0
23/11/25,₹0.00,₹0.00,0,0,0,0,₹0.00,₹0.00,0.00,0.00,₹0.00,₹0.00,259,2,55,0,314,2,205,2,42,0,247,2,98.92%,0.00%,0.00%,0.00%,0.00%,0.00%,56,56,0,0,0.00%,0.00%,0,0,0,0,0.00%,0.00%,0,₹0.00,0,₹0.00,₹0.00,₹0.00,0,0,0,0
24/11/25,₹0.00,₹0.00,0,0,0,0,₹0.00,₹0.00,0.00,0.00,₹0.00,₹0.00,239,1,53,0,292,1,173,1,34,0,207,1,98.05%,100.00%,0.00%,0.00%,0.00%,0.00%,55,55,1,1,0.00%,0.00%,1,1,1,1,100.00%,100.00%,0,₹0.00,0,₹0.00,₹0.00,₹0.00,0,0,0,0
25/11/25,₹0.00,₹0.00,0,0,0,0,₹0.00,₹0.00,0.00,0.00,₹0.00,₹0.00,257,1,63,2,320,3,189,1,43,2,232,3,99.66%,100.00%,0.00%,0.00%,0.00%,0.00%,54,54,0,0,0.00%,0.00%,0,0,0,0,0.00%,0.00%,0,₹0.00,0,₹0.00,₹0.00,₹0.00,0,0,0,0
26/11/25,₹0.00,₹0.00,0,0,0,0,₹0.00,₹0.00,0.00,0.00,₹0.00,₹0.00,232,1,46,0,278,1,166,1,39,0,205,1,98.34%,100.00%,0.00%,0.00%,0.00%,0.00%,54,54,2,0,0.00%,0.00%,0,0,0,0,0.00%,0.00%,0,₹0.00,0,₹0.00,₹0.00,₹0.00,0,0,0,0
27/11/25,₹0.00,₹0.00,0,0,0,0,₹0.00,₹0.00,0.00,0.00,₹0.00,₹0.00,283,2,61,0,344,2,190,1,52,0,242,1,100.00%,0.00%,0.00%,0.00%,0.00%,0.00%,54,54,0,0,0.00%,0.00%,0,0,0,0,0.00%,0.00%,0,₹0.00,0,₹0.00,₹0.00,₹0.00,0,0,0,0
28/11/25,₹0.00,₹0.00,0,0,0,0,₹0.00,₹0.00,0.00,0.00,₹0.00,₹0.00,130,3,43,0,173,3,105,3,30,0,135,3,5.10%,0.00%,0.00%,0.00%,0.00%,0.00%,54,54,0,0,0.00%,0.00%,0,0,0,0,0.00%,0.00%,0,₹0.00,0,₹0.00,₹0.00,₹0.00,0,0,0,0
29/11/25,₹0.00,₹0.00,0,0,0,0,₹0.00,₹0.00,0.00,0.00,₹0.00,₹0.00,167,0,38,0,205,0,126,0,21,0,147,0,0.53%,0.00%,0.00%,0.00%,0.00%,0.00%,54,54,3,0,0.00%,0.00%,0,0,0,0,0.00%,0.00%,0,₹0.00,0,₹0.00,₹0.00,₹0.00,0,0,0,0
30/11/25,₹0.00,₹0.00,0,0,0,0,₹0.00,₹0.00,0.00,0.00,₹0.00,₹0.00,112,0,40,0,152,0,89,0,26,0,115,0,1.46%,0.00%,0.00%,0.00%,0.00%,0.00%,54,54,4,0,0.00%,0.00%,0,0,0,0,0.00%,0.00%,0,₹0.00,0,₹0.00,₹0.00,₹0.00,0,0,0,0
01/12/25,₹0.00,₹0.00,0,0,0,0,₹0.00,₹0.00,0.00,0.00,₹0.00,₹0.00,179,2,47,0,226,2,133,2,37,0,170,2,99.03%,100.00%,0.00%,0.00%,0.00%,0.00%,54,54,0,0,0.00%,0.00%,0,0,0,0,0.00%,0.00%,0,₹0.00,0,₹0.00,₹0.00,₹0.00,0,0,0,0
02/12/25,"₹1,815.00",₹0.00,1,0,1,0,"₹1,815.00",₹0.00,1.00,0.00,"₹1,815.00",₹0.00,218,0,44,1,262,1,160,0,40,1,200,1,99.59%,33.33%,0.50%,0.00%,0.50%,0.00%,53,53,1,0,100.00%,0.00%,0,0,0,0,0.00%,0.00%,0,₹0.00,0,₹0.00,₹0.00,₹0.00,0,0,0,0
03/12/25,₹0.00,₹0.00,0,0,0,0,₹0.00,₹0.00,0.00,0.00,₹0.00,₹0.00,195,1,53,0,248,1,154,1,46,0,200,1,99.54%,0.00%,0.00%,0.00%,0.00%,0.00%,53,53,0,0,0.00%,0.00%,0,0,0,0,0.00%,0.00%,0,₹0.00,0,₹0.00,₹0.00,₹0.00,0,0,0,0
04/12/25,₹0.00,₹0.00,0,0,0,0,₹0.00,₹0.00,0.00,0.00,₹0.00,₹0.00,125,2,41,0,166,2,99,1,25,0,124,1,10.53%,0.00%,0.00%,0.00%,0.00%,0.00%,53,53,0,0,0.00%,0.00%,0,0,0,0,0.00%,0.00%,0,₹0.00,0,₹0.00,"₹1,538.14",₹0.00,1,0,1,0
05/12/25,₹0.00,₹0.00,0,0,0,0,₹0.00,₹0.00,0.00,0.00,₹0.00,₹0.00,113,0,23,0,136,0,86,0,18,0,104,0,15.08%,0.00%,0.00%,0.00%,0.00%,0.00%,53,53,1,0,0.00%,0.00%,0,0,0,0,0.00%,0.00%,0,₹0.00,0,₹0.00,₹0.00,₹0.00,0,0,0,0
06/12/25,₹0.00,₹0.00,0,0,0,0,₹0.00,₹0.00,0.00,0.00,₹0.00,₹0.00,140,2,15,0,155,2,108,1,12,0,120,1,13.79%,0.00%,0.00%,0.00%,0.00%,0.00%,53,53,0,0,0.00%,0.00%,0,0,0,0,0.00%,0.00%,0,₹0.00,0,₹0.00,₹0.00,₹0.00,0,0,0,0
07/12/25,₹0.00,₹0.00,0,0,0,0,₹0.00,₹0.00,0.00,0.00,₹0.00,₹0.00,152,0,39,0,191,0,95,0,29,0,124,0,1.90%,0.00%,0.00%,0.00%,0.00%,0.00%,53,53,1,0,0.00%,0.00%,0,0,0,0,0.00%,0.00%,0,₹0.00,0,₹0.00,₹0.00,₹0.00,0,0,0,0
08/12/25,₹0.00,₹0.00,0,0,0,0,₹0.00,₹0.00,0.00,0.00,₹0.00,₹0.00,92,0,27,1,119,1,74,0,16,1,90,1,2.70%,0.00%,0.00%,0.00%,0.00%,0.00%,53,53,0,0,0.00%,0.00%,0,0,0,0,0.00%,0.00%,0,₹0.00,0,₹0.00,₹0.00,₹0.00,0,0,0,0
09/12/25,₹0.00,₹0.00,0,0,0,0,₹0.00,₹0.00,0.00,0.00,₹0.00,₹0.00,134,0,21,1,155,1,94,0,19,1,113,1,34.62%,0.00%,0.00%,0.00%,0.00%,0.00%,53,53,0,0,0.00%,0.00%,0,0,0,0,0.00%,0.00%,0,₹0.00,0,₹0.00,₹0.00,₹0.00,0,0,0,0
10/12/25,₹0.00,₹0.00,0,0,0,0,₹0.00,₹0.00,0.00,0.00,₹0.00,₹0.00,127,0,22,0,149,0,96,0,19,0,115,0,50.00%,0.00%,0.00%,0.00%,0.00%,0.00%,53,53,1,0,0.00%,0.00%,0,0,0,0,0.00%,0.00%,0,₹0.00,0,₹0.00,₹0.00,₹0.00,0,0,0,0
11/12/25,₹0.00,₹0.00,0,0,0,0,₹0.00,₹0.00,0.00,0.00,₹0.00,₹0.00,94,2,27,0,121,2,75,2,17,0,92,2,53.04%,0.00%,0.00%,0.00%,0.00%,0.00%,53,53,1,0,0.00%,0.00%,0,0,0,0,0.00%,0.00%,0,₹0.00,0,₹0.00,₹0.00,₹0.00,0,0,0,0
12/12/25,₹0.00,₹0.00,0,0,0,0,₹0.00,₹0.00,0.00,0.00,₹0.00,₹0.00,130,1,38,3,168,4,90,1,25,2,115,3,57.14%,100.00%,0.00%,0.00%,0.00%,0.00%,53,53,0,0,0.00%,0.00%,0,0,0,0,0.00%,0.00%,0,₹0.00,0,₹0.00,₹0.00,₹0.00,0,0,0,0
13/12/25,₹0.00,₹0.00,0,0,0,0,₹0.00,₹0.00,0.00,0.00,₹0.00,₹0.00,83,2,23,0,106,2,66,2,22,0,88,2,58.42%,50.00%,0.00%,0.00%,0.00%,0.00%,53,53,0,0,0.00%,0.00%,0,0,0,0,0.00%,0.00%,0,₹0.00,0,₹0.00,₹0.00,₹0.00,0,0,0,0
14/12/25,"₹4,274.00",₹0.00,1,0,1,0,"₹4,274.00",₹0.00,1.00,0.00,"₹4,274.00",₹0.00,102,0,23,0,125,0,69,0,21,0,90,0,60.91%,0.00%,1.11%,0.00%,1.11%,0.00%,52,52,0,0,0.00%,0.00%,0,0,0,0,0.00%,0.00%,0,₹0.00,0,₹0.00,₹0.00,₹0.00,0,0,0,0
15/12/25,₹0.00,₹0.00,0,0,0,0,₹0.00,₹0.00,0.00,0.00,₹0.00,₹0.00,100,2,43,0,143,2,73,2,29,0,102,2,43.85%,0.00%,0.00%,0.00%,0.00%,0.00%,52,52,0,0,0.00%,0.00%,0,0,0,0,0.00%,0.00%,0,₹0.00,0,₹0.00,₹0.00,₹0.00,0,0,0,0
16/12/25,₹0.00,₹0.00,0,0,0,0,₹0.00,₹0.00,0.00,0.00,₹0.00,₹0.00,74,0,18,0,92,0,55,0,15,0,70,0,56.47%,0.00%,0.00%,0.00%,0.00%,0.00%,52,52,0,0,0.00%,0.00%,0,0,0,0,0.00%,0.00%,0,₹0.00,0,₹0.00,₹0.00,₹0.00,0,0,0,0
17/12/25,"₹2,048.00",₹0.00,1,0,1,0,"₹2,048.00",₹0.00,1.00,0.00,"₹2,048.00",₹0.00,95,0,32,0,127,0,61,0,28,0,89,0,9.01%,0.00%,1.12%,0.00%,1.12%,0.00%,51,51,0,0,0.00%,0.00%,0,0,0,0,0.00%,0.00%,0,₹0.00,0,₹0.00,"₹5,357.62",₹0.00,2,0,2,0
18/12/25,₹0.00,₹0.00,0,0,0,0,₹0.00,₹0.00,0.00,0.00,₹0.00,₹0.00,105,0,11,0,116,0,73,0,10,0,83,0,0.99%,0.00%,0.00%,0.00%,0.00%,0.00%,51,51,0,0,0.00%,0.00%,0,0,0,0,0.00%,0.00%,0,₹0.00,0,₹0.00,₹0.00,₹0.00,0,0,0,0
19/12/25,₹0.00,₹0.00,0,0,0,0,₹0.00,₹0.00,0.00,0.00,₹0.00,₹0.00,96,0,25,0,121,0,69,0,22,0,91,0,2.75%,0.00%,0.00%,0.00%,0.00%,0.00%,51,51,1,0,0.00%,0.00%,0,0,0,0,0.00%,0.00%,0,₹0.00,0,₹0.00,₹0.00,₹0.00,0,0,0,0
20/12/25,₹0.00,₹0.00,0,0,0,0,₹0.00,₹0.00,0.00,0.00,₹0.00,₹0.00,89,1,27,0,116,1,64,1,22,0,86,1,2.97%,0.00%,0.00%,0.00%,0.00%,0.00%,51,51,0,0,0.00%,0.00%,0,0,0,0,0.00%,0.00%,0,₹0.00,0,₹0.00,₹0.00,₹0.00,0,0,0,0
21/12/25,₹0.00,₹0.00,0,0,0,0,₹0.00,₹0.00,0.00,0.00,₹0.00,₹0.00,76,0,19,0,95,0,61,0,14,0,75,0,2.30%,0.00%,0.00%,0.00%,0.00%,0.00%,51,51,0,0,0.00%,0.00%,0,0,0,0,0.00%,0.00%,0,₹0.00,0,₹0.00,₹0.00,₹0.00,0,0,0,0
22/12/25,₹0.00,₹0.00,0,0,0,0,₹0.00,₹0.00,0.00,0.00,₹0.00,₹0.00,66,1,28,0,94,1,48,1,19,0,67,1,2.22%,0.00%,0.00%,0.00%,0.00%,0.00%,51,51,0,0,0.00%,0.00%,0,0,0,0,0.00%,0.00%,0,₹0.00,0,₹0.00,₹0.00,₹0.00,0,0,0,0
23/12/25,₹0.00,₹0.00,0,0,0,0,₹0.00,₹0.00,0.00,0.00,₹0.00,₹0.00,75,1,25,0,100,1,54,1,21,0,75,1,5.49%,0.00%,0.00%,0.00%,0.00%,0.00%,46,46,0,0,0.00%,0.00%,0,0,0,0,0.00%,0.00%,0,₹0.00,0,₹0.00,₹0.00,₹0.00,0,0,0,0
24/12/25,₹0.00,₹0.00,0,0,0,0,₹0.00,₹0.00,0.00,0.00,₹0.00,₹0.00,107,0,36,0,143,0,58,0,23,0,81,0,5.88%,0.00%,0.00%,0.00%,0.00%,0.00%,46,46,1,0,0.00%,0.00%,0,0,0,0,0.00%,0.00%,0,₹0.00,0,₹0.00,₹0.00,₹0.00,0,0,0,0
25/12/25,"₹3,011.00",₹0.00,1,0,1,0,"₹3,011.00",₹0.00,1.00,0.00,"₹3,011.00",₹0.00,97,0,25,0,122,0,74,0,18,0,92,0,3.57%,0.00%,1.09%,0.00%,1.09%,0.00%,45,45,0,0,0.00%,0.00%,0,0,0,0,0.00%,0.00%,0,₹0.00,0,₹0.00,₹0.00,₹0.00,0,0,0,0
26/12/25,₹0.00,₹0.00,0,0,0,0,₹0.00,₹0.00,0.00,0.00,₹0.00,₹0.00,80,1,28,0,108,1,61,1,22,0,83,1,1.05%,0.00%,0.00%,0.00%,0.00%,0.00%,45,45,0,0,0.00%,0.00%,0,0,0,0,0.00%,0.00%,0,₹0.00,0,₹0.00,₹0.00,₹0.00,0,0,0,0
27/12/25,₹0.00,₹0.00,0,0,0,0,₹0.00,₹0.00,0.00,0.00,₹0.00,₹0.00,113,0,26,0,139,0,74,0,13,0,87,0,0.00%,0.00%,0.00%,0.00%,0.00%,0.00%,45,45,0,0,0.00%,0.00%,0,0,0,0,0.00%,0.00%,0,₹0.00,0,₹0.00,"₹2,551.69",₹0.00,1,0,1,0
28/12/25,₹0.00,₹0.00,0,0,0,0,₹0.00,₹0.00,0.00,0.00,₹0.00,₹0.00,95,0,20,0,115,0,56,0,16,0,72,0,0.00%,0.00%,0.00%,0.00%,0.00%,0.00%,45,45,0,0,0.00%,0.00%,0,0,0,0,0.00%,0.00%,0,₹0.00,0,₹0.00,₹0.00,₹0.00,0,0,0,0
29/12/25,₹0.00,₹0.00,0,0,0,0,₹0.00,₹0.00,0.00,0.00,₹0.00,₹0.00,86,0,15,0,101,0,55,0,11,0,66,0,1.18%,0.00%,0.00%,0.00%,0.00%,0.00%,49,49,0,0,0.00%,0.00%,0,0,0,0,0.00%,0.00%,0,₹0.00,0,₹0.00,₹0.00,₹0.00,0,0,0,0
30/12/25,₹0.00,₹0.00,0,0,0,0,₹0.00,₹0.00,0.00,0.00,₹0.00,₹0.00,80,0,17,0,97,0,50,0,10,0,60,0,3.66%,0.00%,0.00%,0.00%,0.00%,0.00%,49,49,0,0,0.00%,0.00%,0,0,0,0,0.00%,0.00%,0,₹0.00,0,₹0.00,₹0.00,₹0.00,0,0,0,0
31/12/25,₹0.00,₹0.00,0,0,0,0,₹0.00,₹0.00,0.00,0.00,₹0.00,₹0.00,55,3,20,0,75,3,45,1,13,0,58,1,2.86%,0.00%,0.00%,0.00%,0.00%,0.00%,49,49,0,0,0.00%,0.00%,0,0,0,0,0.00%,0.00%,0,₹0.00,0,₹0.00,₹0.00,₹0.00,0,0,0,0
01/01/26,₹0.00,₹0.00,0,0,0,0,₹0.00,₹0.00,0.00,0.00,₹0.00,₹0.00,66,1,23,0,89,1,50,1,14,0,64,1,2.41%,0.00%,0.00%,0.00%,0.00%,0.00%,49,49,1,0,0.00%,0.00%,0,0,0,0,0.00%,0.00%,0,₹0.00,0,₹0.00,₹0.00,₹0.00,0,0,0,0
02/01/26,₹0.00,₹0.00,0,0,0,0,₹0.00,₹0.00,0.00,0.00,₹0.00,₹0.00,58,1,26,0,84,1,46,1,16,0,62,1,0.00%,0.00%,0.00%,0.00%,0.00%,0.00%,49,49,0,0,0.00%,0.00%,0,0,0,0,0.00%,0.00%,0,₹0.00,0,₹0.00,₹0.00,₹0.00,0,0,0,0
03/01/26,₹0.00,₹0.00,0,0,0,0,₹0.00,₹0.00,0.00,0.00,₹0.00,₹0.00,78,1,15,0,93,1,61,1,12,0,73,1,3.45%,0.00%,0.00%,0.00%,0.00%,0.00%,49,49,0,0,0.00%,0.00%,0,0,0,0,0.00%,0.00%,0,₹0.00,0,₹0.00,₹0.00,₹0.00,0,0,0,0
04/01/26,₹0.00,₹0.00,0,0,0,0,₹0.00,₹0.00,0.00,0.00,₹0.00,₹0.00,74,0,15,0,89,0,57,0,14,0,71,0,1.27%,0.00%,0.00%,0.00%,0.00%,0.00%,49,49,0,0,0.00%,0.00%,0,0,0,0,0.00%,0.00%,0,₹0.00,0,₹0.00,₹0.00,₹0.00,0,0,0,0
05/01/26,₹0.00,₹0.00,0,0,0,0,₹0.00,₹0.00,0.00,0.00,₹0.00,₹0.00,62,0,17,0,79,0,45,0,16,0,61,0,1.45%,0.00%,0.00%,0.00%,0.00%,0.00%,49,49,0,0,0.00%,0.00%,0,0,0,0,0.00%,0.00%,0,₹0.00,0,₹0.00,₹0.00,₹0.00,0,0,0,0
06/01/26,₹0.00,₹0.00,0,0,0,0,₹0.00,₹0.00,0.00,0.00,₹0.00,₹0.00,72,2,16,1,88,3,56,1,15,1,71,2,2.38%,0.00%,0.00%,0.00%,0.00%,0.00%,49,49,0,0,0.00%,0.00%,0,0,0,0,0.00%,0.00%,0,₹0.00,0,₹0.00,₹0.00,₹0.00,0,0,0,0
07/01/26,₹0.00,₹0.00,0,0,0,0,₹0.00,₹0.00,0.00,0.00,₹0.00,₹0.00,55,0,36,0,91,0,41,0,15,0,56,0,0.00%,0.00%,0.00%,0.00%,0.00%,0.00%,49,49,0,0,0.00%,0.00%,0,0,0,0,0.00%,0.00%,0,₹0.00,0,₹0.00,₹0.00,₹0.00,0,0,0,0
08/01/26,₹0.00,₹0.00,0,0,0,0,₹0.00,₹0.00,0.00,0.00,₹0.00,₹0.00,63,1,10,0,73,1,49,1,9,0,58,1,1.54%,0.00%,0.00%,0.00%,0.00%,0.00%,49,49,0,0,0.00%,0.00%,0,0,0,0,0.00%,0.00%,0,₹0.00,0,₹0.00,₹0.00,₹0.00,0,0,0,0
09/01/26,₹0.00,₹0.00,0,0,0,0,₹0.00,₹0.00,0.00,0.00,₹0.00,₹0.00,64,0,14,0,78,0,53,0,12,0,65,0,0.00%,0.00%,0.00%,0.00%,0.00%,0.00%,49,49,0,0,0.00%,0.00%,0,0,0,0,0.00%,0.00%,0,₹0.00,0,₹0.00,₹0.00,₹0.00,0,0,0,0
10/01/26,₹0.00,₹0.00,0,0,0,0,₹0.00,₹0.00,0.00,0.00,₹0.00,₹0.00,55,0,17,0,72,0,42,0,12,0,54,0,1.52%,0.00%,0.00%,0.00%,0.00%,0.00%,49,49,0,0,0.00%,0.00%,0,0,0,0,0.00%,0.00%,0,₹0.00,0,₹0.00,₹0.00,₹0.00,0,0,0,0
11/01/26,₹0.00,₹0.00,0,0,0,0,₹0.00,₹0.00,0.00,0.00,₹0.00,₹0.00,53,0,16,0,69,0,36,0,12,0,48,0,6.45%,0.00%,0.00%,0.00%,0.00%,0.00%,49,49,0,0,0.00%,0.00%,0,0,0,0,0.00%,0.00%,0,₹0.00,0,₹0.00,₹0.00,₹0.00,0,0,0,0
12/01/26,₹0.00,₹0.00,0,0,0,0,₹0.00,₹0.00,0.00,0.00,₹0.00,₹0.00,92,0,16,0,108,0,47,0,13,0,60,0,2.17%,0.00%,0.00%,0.00%,0.00%,0.00%,49,49,0,0,0.00%,0.00%,0,0,0,0,0.00%,0.00%,0,₹0.00,0,₹0.00,₹0.00,₹0.00,0,0,0,0
13/01/26,₹0.00,₹0.00,0,0,0,0,₹0.00,₹0.00,0.00,0.00,₹0.00,₹0.00,56,1,23,2,79,3,36,1,14,1,50,2,1.43%,0.00%,0.00%,0.00%,0.00%,0.00%,49,49,0,0,0.00%,0.00%,0,0,0,0,0.00%,0.00%,0,₹0.00,0,₹0.00,₹0.00,₹0.00,0,0,0,0
14/01/26,"₹1,933.00",₹0.00,1,0,1,0,"₹1,933.00",₹0.00,1.00,0.00,"₹1,933.00",₹0.00,48,7,16,0,64,7,33,2,10,0,43,2,1.79%,0.00%,2.33%,0.00%,2.33%,0.00%,48,48,0,0,0.00%,0.00%,0,0,0,0,0.00%,0.00%,0,₹0.00,0,₹0.00,₹0.00,₹0.00,0,0,0,0
15/01/26,₹0.00,₹0.00,0,0,0,0,₹0.00,₹0.00,0.00,0.00,₹0.00,₹0.00,55,0,28,1,83,1,38,0,14,1,52,1,2.74%,0.00%,0.00%,0.00%,0.00%,0.00%,48,48,0,0,0.00%,0.00%,0,0,0,0,0.00%,0.00%,0,₹0.00,0,₹0.00,₹0.00,₹0.00,0,0,0,0
16/01/26,₹0.00,₹0.00,0,0,0,0,₹0.00,₹0.00,0.00,0.00,₹0.00,₹0.00,48,1,8,0,56,1,39,1,6,0,45,1,1.92%,0.00%,0.00%,0.00%,0.00%,0.00%,47,47,0,0,0.00%,0.00%,0,0,0,0,0.00%,0.00%,0,₹0.00,0,₹0.00,"₹1,638.14",₹0.00,1,0,1,0
17/01/26,₹0.00,₹0.00,0,0,0,0,₹0.00,₹0.00,0.00,0.00,₹0.00,₹0.00,59,0,12,0,71,0,48,0,8,0,56,0,1.56%,0.00%,0.00%,0.00%,0.00%,0.00%,47,47,0,0,0.00%,0.00%,0,0,0,0,0.00%,0.00%,0,₹0.00,0,₹0.00,₹0.00,₹0.00,0,0,0,0
18/01/26,₹0.00,₹0.00,0,0,0,0,₹0.00,₹0.00,0.00,0.00,₹0.00,₹0.00,55,2,11,0,66,2,41,1,9,0,50,1,0.00%,0.00%,0.00%,0.00%,0.00%,0.00%,47,47,0,0,0.00%,0.00%,0,0,0,0,0.00%,0.00%,0,₹0.00,0,₹0.00,₹0.00,₹0.00,0,0,0,0
19/01/26,₹0.00,₹0.00,0,0,0,0,₹0.00,₹0.00,0.00,0.00,₹0.00,₹0.00,61,1,12,0,73,1,35,1,11,0,46,1,1.64%,0.00%,0.00%,0.00%,0.00%,0.00%,47,47,1,0,0.00%,0.00%,0,0,0,0,0.00%,0.00%,0,₹0.00,0,₹0.00,₹0.00,₹0.00,0,0,0,0
20/01/26,₹0.00,₹0.00,0,0,0,0,₹0.00,₹0.00,0.00,0.00,₹0.00,₹0.00,50,0,5,0,55,0,34,0,3,0,37,0,2.04%,0.00%,0.00%,0.00%,0.00%,0.00%,47,47,0,0,0.00%,0.00%,0,0,0,0,0.00%,0.00%,0,₹0.00,0,₹0.00,₹0.00,₹0.00,0,0,0,0
21/01/26,₹0.00,₹0.00,0,0,0,0,₹0.00,₹0.00,0.00,0.00,₹0.00,₹0.00,43,0,8,0,51,0,31,0,7,0,38,0,4.55%,0.00%,0.00%,0.00%,0.00%,0.00%,47,47,0,0,0.00%,0.00%,0,0,0,0,0.00%,0.00%,0,₹0.00,0,₹0.00,₹0.00,₹0.00,0,0,0,0
22/01/26,₹0.00,₹0.00,0,0,0,0,₹0.00,₹0.00,0.00,0.00,₹0.00,₹0.00,39,1,11,0,50,1,32,1,10,0,42,1,2.13%,0.00%,0.00%,0.00%,0.00%,0.00%,47,47,0,0,0.00%,0.00%,0,0,0,0,0.00%,0.00%,0,₹0.00,0,₹0.00,₹0.00,₹0.00,0,0,0,0
23/01/26,₹0.00,₹0.00,0,0,0,0,₹0.00,₹0.00,0.00,0.00,₹0.00,₹0.00,40,0,8,0,48,0,31,0,4,0,35,0,2.22%,0.00%,0.00%,0.00%,0.00%,0.00%,46,46,0,0,0.00%,0.00%,0,0,0,0,0.00%,0.00%,0,₹0.00,0,₹0.00,₹0.00,₹0.00,0,0,0,0
24/01/26,₹0.00,₹0.00,0,0,0,0,₹0.00,₹0.00,0.00,0.00,₹0.00,₹0.00,117,1,17,0,134,1,83,1,15,0,98,1,95.80%,100.00%,0.00%,0.00%,0.00%,0.00%,46,46,0,0,0.00%,0.00%,0,0,0,0,0.00%,0.00%,0,₹0.00,0,₹0.00,₹0.00,₹0.00,0,0,0,0
25/01/26,₹0.00,₹0.00,0,0,0,0,₹0.00,₹0.00,0.00,0.00,₹0.00,₹0.00,98,0,26,0,124,0,79,0,14,0,93,0,99.07%,0.00%,0.00%,0.00%,0.00%,0.00%,46,46,0,0,0.00%,0.00%,0,0,0,0,0.00%,0.00%,0,₹0.00,0,₹0.00,₹0.00,₹0.00,0,0,0,0
26/01/26,₹0.00,₹0.00,0,0,0,0,₹0.00,₹0.00,0.00,0.00,₹0.00,₹0.00,126,1,30,0,156,1,86,1,21,0,107,1,99.29%,100.00%,0.00%,0.00%,0.00%,0.00%,46,46,0,0,0.00%,0.00%,0,0,0,0,0.00%,0.00%,0,₹0.00,0,₹0.00,₹0.00,₹0.00,0,0,0,0
27/01/26,₹0.00,₹0.00,0,0,0,0,₹0.00,₹0.00,0.00,0.00,₹0.00,₹0.00,120,1,39,0,159,1,81,1,27,0,108,1,100.00%,0.00%,0.00%,0.00%,0.00%,0.00%,46,46,0,0,0.00%,0.00%,0,0,0,0,0.00%,0.00%,0,₹0.00,0,₹0.00,₹0.00,₹0.00,0,0,0,0
28/01/26,₹0.00,₹0.00,0,0,0,0,₹0.00,₹0.00,0.00,0.00,₹0.00,₹0.00,153,2,34,1,187,3,102,2,23,1,125,3,99.40%,100.00%,0.00%,0.00%,0.00%,0.00%,46,46,0,0,0.00%,0.00%,0,0,0,0,0.00%,0.00%,0,₹0.00,0,₹0.00,₹0.00,₹0.00,0,0,0,0
29/01/26,₹0.00,₹0.00,0,0,0,0,₹0.00,₹0.00,0.00,0.00,₹0.00,₹0.00,254,1,66,0,320,1,198,1,51,0,249,1,98.29%,0.00%,0.00%,0.00%,0.00%,0.00%,148,148,0,0,0.00%,0.00%,0,0,0,0,0.00%,0.00%,0,₹0.00,0,₹0.00,₹0.00,₹0.00,0,0,0,0
30/01/26,"₹7,750.00",₹0.00,4,0,4,0,"₹1,937.50",₹0.00,1.00,0.00,"₹1,937.50",₹0.00,471,4,106,3,577,7,303,4,78,2,381,6,98.60%,100.00%,1.05%,0.00%,1.05%,0.00%,144,144,0,0,0.00%,0.00%,0,0,0,0,0.00%,0.00%,0,₹0.00,0,₹0.00,"₹1,439.83",₹0.00,1,0,1,0
31/01/26,"₹1,696.00",₹0.00,1,0,1,0,"₹1,696.00",₹0.00,1.00,0.00,"₹1,696.00",₹0.00,430,3,128,0,558,3,288,3,94,0,382,3,98.95%,100.00%,0.26%,0.00%,0.26%,0.00%,141,141,0,0,0.00%,0.00%,0,0,0,0,0.00%,0.00%,0,₹0.00,0,₹0.00,"₹5,127.97",₹0.00,3,0,3,0
01/02/26,"₹3,238.00",₹0.00,1,0,1,0,"₹3,238.00",₹0.00,1.00,0.00,"₹3,238.00",₹0.00,455,6,110,2,565,8,304,2,78,2,382,4,98.17%,100.00%,0.26%,0.00%,0.26%,0.00%,140,140,0,0,0.00%,0.00%,0,0,0,0,0.00%,0.00%,0,₹0.00,0,₹0.00,₹0.00,₹0.00,0,0,0,0
02/02/26,"₹3,598.00",₹0.00,1,0,1,0,"₹3,598.00",₹0.00,1.00,0.00,"₹3,598.00",₹0.00,572,5,130,0,702,5,400,4,100,0,500,4,99.19%,100.00%,0.20%,0.00%,0.20%,0.00%,139,139,0,0,0.00%,0.00%,0,0,0,0,0.00%,0.00%,0,₹0.00,0,₹0.00,"₹4,181.36",₹0.00,2,0,2,0
03/02/26,"₹6,387.00",₹0.00,2,0,2,0,"₹3,193.50",₹0.00,1.00,0.00,"₹3,193.50",₹0.00,674,6,151,0,825,6,432,4,115,0,547,4,93.23%,100.00%,0.37%,0.00%,0.37%,0.00%,139,139,0,0,0.00%,0.00%,0,0,0,0,0.00%,0.00%,0,₹0.00,0,₹0.00,₹0.00,₹0.00,0,0,0,0
04/02/26,"₹4,271.00",₹0.00,2,0,2,0,"₹2,135.50",₹0.00,1.00,0.00,"₹2,135.50",₹0.00,550,4,168,0,718,4,389,3,117,0,506,3,97.63%,100.00%,0.40%,0.00%,0.40%,0.00%,131,131,0,0,0.00%,0.00%,0,0,0,0,0.00%,0.00%,0,₹0.00,0,₹0.00,"₹9,994.91",₹0.00,4,0,4,0
05/02/26,"₹15,536.20",₹0.00,4,0,4,0,"₹3,884.05",₹0.00,1.00,0.00,"₹3,884.05",₹0.00,601,3,134,1,735,4,401,3,101,1,502,4,96.39%,100.00%,0.80%,0.00%,0.80%,0.00%,172,172,0,0,0.00%,0.00%,0,0,0,0,0.00%,0.00%,0,₹0.00,0,₹0.00,"₹8,381.36",₹0.00,2,0,2,0
06/02/26,"₹9,300.60",₹0.00,3,0,3,0,"₹3,100.20",₹0.00,1.00,0.00,"₹3,100.20",₹0.00,582,4,125,0,707,4,404,3,95,0,499,3,98.57%,0.00%,0.60%,0.00%,0.60%,0.00%,169,169,1,0,33.33%,0.00%,0,0,0,0,0.00%,0.00%,0,₹0.00,0,₹0.00,₹0.00,₹0.00,0,0,0,0
07/02/26,"₹9,195.80",₹0.00,3,0,3,0,"₹3,065.27",₹0.00,1.00,0.00,"₹3,065.27",₹0.00,641,1,171,3,812,4,417,1,126,2,543,3,98.02%,100.00%,0.55%,0.00%,0.55%,0.00%,169,169,0,0,0.00%,0.00%,0,0,0,0,0.00%,0.00%,0,₹0.00,0,₹0.00,"₹15,043.52",₹0.00,7,0,7,0
08/02/26,"₹1,886.00",₹0.00,1,0,1,0,"₹1,886.00",₹0.00,1.00,0.00,"₹1,886.00",₹0.00,669,2,159,0,828,2,453,2,124,0,577,2,98.89%,100.00%,0.17%,0.00%,0.17%,0.00%,168,168,0,0,0.00%,0.00%,0,0,0,0,0.00%,0.00%,0,₹0.00,0,₹0.00,₹0.00,₹0.00,0,0,0,0
09/02/26,"₹7,428.00",₹0.00,3,0,3,0,"₹2,476.00",₹0.00,1.00,0.00,"₹2,476.00",₹0.00,686,10,210,2,896,12,461,7,140,2,601,9,95.64%,100.00%,0.50%,0.00%,0.50%,0.00%,165,165,0,0,0.00%,0.00%,0,0,0,0,0.00%,0.00%,0,₹0.00,0,₹0.00,"₹9,137.97",₹0.00,3,0,3,0
10/02/26,"₹6,909.00",₹0.00,3,0,3,0,"₹2,303.00",₹0.00,1.00,0.00,"₹2,303.00",₹0.00,717,8,181,1,898,9,524,6,144,1,668,7,98.90%,100.00%,0.45%,0.00%,0.45%,0.00%,162,162,1,0,33.33%,0.00%,0,0,0,0,0.00%,0.00%,0,₹0.00,0,₹0.00,₹0.00,₹0.00,0,0,0,0
11/02/26,"₹6,722.80",₹0.00,2,0,2,0,"₹3,361.40",₹0.00,1.00,0.00,"₹3,361.40",₹0.00,772,11,160,0,932,11,517,7,117,0,634,7,98.88%,100.00%,0.32%,0.00%,0.32%,0.00%,160,160,0,0,0.00%,0.00%,0,0,0,0,0.00%,0.00%,0,₹0.00,0,₹0.00,"₹9,942.38",₹0.00,5,0,5,0
12/02/26,"₹8,925.40",₹0.00,3,0,3,0,"₹2,975.13",₹0.00,1.00,0.00,"₹2,975.13",₹0.00,662,3,180,0,842,3,452,2,127,0,579,2,96.35%,0.00%,0.52%,0.00%,0.52%,0.00%,155,155,0,0,0.00%,0.00%,0,0,0,0,0.00%,0.00%,0,₹0.00,0,₹0.00,₹0.00,₹0.00,0,0,0,0
13/02/26,"₹8,436.00","₹4,272.00",3,1,3,1,"₹2,812.00","₹4,272.00",1.00,1.00,"₹2,812.00","₹4,272.00",571,4,195,1,766,5,407,4,127,1,534,5,99.56%,75.00%,0.56%,20.00%,0.56%,20.00%,152,152,1,0,33.33%,0.00%,0,0,0,0,0.00%,0.00%,0,₹0.00,0,₹0.00,"₹18,997.63",₹0.00,8,0,8,0
14/02/26,"₹9,409.60",₹0.00,2,0,2,0,"₹4,704.80",₹0.00,1.00,0.00,"₹4,704.80",₹0.00,701,4,183,0,884,4,493,3,134,0,627,3,97.97%,75.00%,0.32%,0.00%,0.32%,0.00%,234,234,0,0,0.00%,0.00%,0,0,0,0,0.00%,0.00%,0,₹0.00,0,₹0.00,"₹11,594.58","₹3,620.34",3,1,3,1
15/02/26,"₹23,924.00",₹0.00,4,0,4,0,"₹5,981.00",₹0.00,1.00,0.00,"₹5,981.00",₹0.00,697,1,159,0,856,1,461,1,116,0,577,1,99.46%,0.00%,0.69%,0.00%,0.69%,0.00%,232,232,0,0,0.00%,0.00%,0,0,0,0,0.00%,0.00%,0,₹0.00,0,₹0.00,₹0.00,₹0.00,0,0,0,0
16/02/26,"₹13,349.00","₹1,886.00",5,1,5,1,"₹2,669.80","₹1,886.00",1.00,1.00,"₹2,669.80","₹1,886.00",664,4,165,6,829,10,448,3,129,3,577,6,99.17%,100.00%,0.87%,16.67%,0.87%,16.67%,230,230,0,0,0.00%,0.00%,0,0,0,0,0.00%,0.00%,0,₹0.00,0,₹0.00,₹0.00,₹0.00,0,0,0,0
17/02/26,"₹3,747.00",₹0.00,1,0,1,0,"₹3,747.00",₹0.00,1.00,0.00,"₹3,747.00",₹0.00,659,2,186,0,845,2,478,2,120,0,598,2,99.09%,100.00%,0.17%,0.00%,0.17%,0.00%,228,228,0,0,0.00%,0.00%,0,0,0,0,0.00%,0.00%,0,₹0.00,0,₹0.00,"₹34,762.72","₹1,598.31",10,1,10,1
18/02/26,"₹12,334.40",₹0.00,1,0,1,0,"₹12,334.40",₹0.00,1.00,0.00,"₹12,334.40",₹0.00,629,4,163,0,792,4,448,2,113,0,561,2,99.43%,100.00%,0.18%,0.00%,0.18%,0.00%,228,228,0,0,0.00%,0.00%,0,0,0,0,0.00%,0.00%,0,₹0.00,0,₹0.00,"₹10,452.88",₹0.00,1,0,1,0
19/02/26,₹0.00,₹0.00,0,0,0,0,₹0.00,₹0.00,0.00,0.00,₹0.00,₹0.00,563,6,180,0,743,6,432,4,138,0,570,4,99.85%,100.00%,0.00%,0.00%,0.00%,0.00%,228,228,0,0,0.00%,0.00%,0,0,0,0,0.00%,0.00%,0,₹0.00,0,₹0.00,₹0.00,₹0.00,0,0,0,0
20/02/26,"₹8,692.80",₹0.00,2,0,2,0,"₹4,346.40",₹0.00,1.00,0.00,"₹4,346.40",₹0.00,595,6,181,2,776,8,434,6,137,2,571,8,98.23%,100.00%,0.35%,0.00%,0.35%,0.00%,225,225,1,0,50.00%,0.00%,0,0,0,0,0.00%,0.00%,0,₹0.00,0,₹0.00,"₹5,929.49",₹0.00,1,0,1,0
21/02/26,₹0.00,₹0.00,0,0,0,0,₹0.00,₹0.00,0.00,0.00,₹0.00,₹0.00,606,2,209,0,815,2,415,2,141,0,556,2,99.44%,100.00%,0.00%,0.00%,0.00%,0.00%,224,224,0,0,0.00%,0.00%,0,0,0,0,0.00%,0.00%,0,₹0.00,0,₹0.00,₹0.00,₹0.00,0,0,0,0
22/02/26,"₹3,772.00",₹0.00,2,0,2,0,"₹1,886.00",₹0.00,1.00,0.00,"₹1,886.00",₹0.00,686,4,162,0,848,4,466,4,132,0,598,4,99.18%,100.00%,0.33%,0.00%,0.33%,0.00%,224,224,2,0,100.00%,0.00%,0,0,0,0,0.00%,0.00%,0,₹0.00,0,₹0.00,₹0.00,₹0.00,0,0,0,0
23/02/26,"₹3,301.40",₹0.00,2,0,2,0,"₹1,650.70",₹0.00,1.00,0.00,"₹1,650.70",₹0.00,654,7,206,0,860,7,455,5,168,0,623,5,98.94%,100.00%,0.32%,0.00%,0.32%,0.00%,222,222,0,0,0.00%,0.00%,0,0,0,0,0.00%,0.00%,0,₹0.00,0,₹0.00,₹0.00,₹0.00,0,0,0,0
24/02/26,"₹2,462.00",₹0.00,1,0,1,0,"₹2,462.00",₹0.00,1.00,0.00,"₹2,462.00",₹0.00,664,6,184,0,848,6,467,5,137,0,604,5,98.66%,100.00%,0.17%,0.00%,0.17%,0.00%,220,220,1,0,100.00%,0.00%,0,0,0,0,0.00%,0.00%,0,₹0.00,0,₹0.00,"₹7,431.71",₹0.00,5,0,5,0
25/02/26,"₹4,832.00",₹0.00,2,0,2,0,"₹2,416.00",₹0.00,1.00,0.00,"₹2,416.00",₹0.00,607,6,182,1,789,7,417,5,145,1,562,6,99.56%,100.00%,0.36%,0.00%,0.36%,0.00%,219,219,0,0,0.00%,0.00%,0,0,0,0,0.00%,0.00%,0,₹0.00,0,₹0.00,₹0.00,₹0.00,0,0,0,0
26/02/26,₹0.00,₹0.00,0,0,0,0,₹0.00,₹0.00,0.00,0.00,₹0.00,₹0.00,537,6,194,0,731,6,392,3,159,0,551,3,88.16%,100.00%,0.00%,0.00%,0.00%,0.00%,219,219,1,0,0.00%,0.00%,0,0,0,0,0.00%,0.00%,0,₹0.00,0,₹0.00,₹0.00,₹0.00,0,0,0,0
27/02/26,"₹6,159.00",₹0.00,2,0,2,0,"₹3,079.50",₹0.00,1.00,0.00,"₹3,079.50",₹0.00,432,1,80,0,512,1,270,1,62,0,332,1,3.39%,0.00%,0.60%,0.00%,0.60%,0.00%,219,219,0,0,0.00%,0.00%,0,0,0,0,0.00%,0.00%,0,₹0.00,0,₹0.00,"₹6,181.35",₹0.00,3,0,3,0
28/02/26,"₹6,557.00","₹1,886.00",4,1,4,1,"₹1,639.25","₹1,886.00",1.00,1.00,"₹1,639.25","₹1,886.00",391,6,78,0,469,6,275,5,56,0,331,5,3.30%,0.00%,1.21%,20.00%,1.21%,20.00%,219,219,3,0,75.00%,0.00%,1,0,1,0,100.00%,0.00%,0,₹0.00,0,₹0.00,"₹6,827.97",₹0.00,3,0,3,0
01/03/26,₹0.00,₹0.00,0,0,0,0,₹0.00,₹0.00,0.00,0.00,₹0.00,₹0.00,359,1,63,0,422,1,239,1,50,0,289,1,2.80%,0.00%,0.00%,0.00%,0.00%,0.00%,219,219,0,0,0.00%,0.00%,0,0,0,0,0.00%,0.00%,0,₹0.00,0,₹0.00,₹0.00,₹0.00,0,0,0,0
02/03/26,₹0.00,₹0.00,0,0,0,0,₹0.00,₹0.00,0.00,0.00,₹0.00,₹0.00,325,1,88,0,413,1,232,1,70,0,302,1,3.28%,0.00%,0.00%,0.00%,0.00%,0.00%,219,219,2,0,0.00%,0.00%,0,0,0,0,0.00%,0.00%,0,₹0.00,0,₹0.00,₹0.00,₹0.00,0,0,0,0
03/03/26,"₹4,103.00",₹0.00,2,0,2,0,"₹2,051.50",₹0.00,1.00,0.00,"₹2,051.50",₹0.00,367,3,98,0,465,3,242,2,76,0,318,2,4.81%,0.00%,0.63%,0.00%,0.63%,0.00%,219,219,0,0,0.00%,0.00%,0,0,0,0,0.00%,0.00%,0,₹0.00,0,₹0.00,"₹7,462.33","₹1,598.31",5,1,5,1
04/03/26,"₹2,736.00",₹0.00,1,0,1,0,"₹2,736.00",₹0.00,1.00,0.00,"₹2,736.00",₹0.00,388,9,77,0,465,9,272,6,47,0,319,6,0.99%,0.00%,0.31%,0.00%,0.31%,0.00%,218,218,0,0,0.00%,0.00%,0,0,0,0,0.00%,0.00%,0,₹0.00,0,₹0.00,₹0.00,₹0.00,0,0,0,0
05/03/26,₹0.00,₹0.00,0,0,0,0,₹0.00,₹0.00,0.00,0.00,₹0.00,₹0.00,353,2,97,0,450,2,261,1,75,0,336,1,30.12%,0.00%,0.00%,0.00%,0.00%,0.00%,218,218,1,0,0.00%,0.00%,0,0,0,0,0.00%,0.00%,0,₹0.00,0,₹0.00,"₹2,318.64",₹0.00,1,0,1,0
06/03/26,₹0.00,₹0.00,0,0,0,0,₹0.00,₹0.00,0.00,0.00,₹0.00,₹0.00,598,3,176,1,774,4,435,3,116,1,551,4,99.26%,100.00%,0.00%,0.00%,0.00%,0.00%,218,218,1,0,0.00%,0.00%,0,0,0,0,0.00%,0.00%,0,₹0.00,0,₹0.00,₹0.00,₹0.00,0,0,0,0
07/03/26,"₹2,884.00",₹0.00,1,0,1,0,"₹2,884.00",₹0.00,1.00,0.00,"₹2,884.00",₹0.00,613,3,219,0,832,3,422,3,150,0,572,3,99.73%,100.00%,0.17%,0.00%,0.17%,0.00%,215,215,0,0,0.00%,0.00%,0,0,0,0,0.00%,0.00%,0,₹0.00,0,₹0.00,₹0.00,₹0.00,0,0,0,0
08/03/26,"₹3,747.00",₹0.00,1,0,1,0,"₹3,747.00",₹0.00,1.00,0.00,"₹3,747.00",₹0.00,507,2,146,0,653,2,378,2,121,0,499,2,100.00%,100.00%,0.20%,0.00%,0.20%,0.00%,215,215,0,0,0.00%,0.00%,0,0,0,0,0.00%,0.00%,0,₹0.00,0,₹0.00,₹0.00,₹0.00,0,0,0,0
09/03/26,"₹4,884.00",₹0.00,2,0,2,0,"₹2,442.00",₹0.00,1.00,0.00,"₹2,442.00",₹0.00,544,5,176,4,720,9,389,4,141,3,530,7,98.92%,100.00%,0.38%,0.00%,0.38%,0.00%,214,214,4,0,200.00%,0.00%,0,0,0,0,0.00%,0.00%,0,₹0.00,0,₹0.00,"₹7,938.13",₹0.00,3,0,3,0
10/03/26,"₹1,699.00",₹0.00,1,0,1,0,"₹1,699.00",₹0.00,1.00,0.00,"₹1,699.00",₹0.00,578,6,198,3,776,9,377,4,147,2,524,6,99.70%,100.00%,0.19%,0.00%,0.19%,0.00%,213,213,1,0,100.00%,0.00%,0,0,0,0,0.00%,0.00%,0,₹0.00,0,₹0.00,₹0.00,₹0.00,0,0,0,0
11/03/26,₹0.00,₹0.00,0,0,0,0,₹0.00,₹0.00,0.00,0.00,₹0.00,₹0.00,516,5,230,0,746,5,354,4,171,0,525,4,99.25%,0.00%,0.00%,0.00%,0.00%,0.00%,212,212,0,0,0.00%,0.00%,0,0,0,0,0.00%,0.00%,0,₹0.00,0,₹0.00,"₹3,260.17",₹0.00,2,0,2,0
12/03/26,"₹1,886.00",₹0.00,1,0,1,0,"₹1,886.00",₹0.00,1.00,0.00,"₹1,886.00",₹0.00,517,3,155,1,672,4,372,3,125,1,497,4,99.16%,100.00%,0.20%,0.00%,0.20%,0.00%,212,212,2,0,200.00%,0.00%,0,0,0,0,0.00%,0.00%,0,₹0.00,0,₹0.00,₹0.00,₹0.00,0,0,0,0
13/03/26,"₹10,625.00",₹0.00,4,0,4,0,"₹2,656.25",₹0.00,1.00,0.00,"₹2,656.25",₹0.00,586,2,245,2,831,4,398,2,180,2,578,4,100.00%,100.00%,0.69%,0.00%,0.69%,0.00%,211,211,3,0,75.00%,0.00%,0,0,0,0,0.00%,0.00%,0,₹0.00,0,₹0.00,₹0.00,₹0.00,0,0,0,0
14/03/26,"₹4,712.00",₹0.00,2,0,2,0,"₹2,356.00",₹0.00,1.00,0.00,"₹2,356.00",₹0.00,577,4,234,1,811,5,402,4,173,1,575,5,99.86%,100.00%,0.35%,0.00%,0.35%,0.00%,210,210,2,1,100.00%,0.00%,0,0,0,0,0.00%,0.00%,0,₹0.00,0,₹0.00,"₹14,595.77",₹0.00,7,0,7,0
15/03/26,"₹12,507.00",₹0.00,3,0,3,0,"₹4,169.00",₹0.00,1.00,0.00,"₹4,169.00",₹0.00,590,2,238,0,828,2,423,2,161,0,584,2,99.33%,100.00%,0.51%,0.00%,0.51%,0.00%,208,208,1,0,33.33%,0.00%,0,0,0,0,0.00%,0.00%,0,₹0.00,0,₹0.00,₹0.00,₹0.00,0,0,0,0
16/03/26,"₹1,699.00",₹0.00,1,0,1,0,"₹1,699.00",₹0.00,1.00,0.00,"₹1,699.00",₹0.00,555,10,172,3,727,13,405,8,149,2,554,10,99.54%,100.00%,0.18%,0.00%,0.18%,0.00%,207,207,2,0,200.00%,0.00%,0,0,0,0,0.00%,0.00%,0,₹0.00,0,₹0.00,₹290.29,₹0.00,1,0,1,0
17/03/26,₹0.00,₹0.00,0,0,0,0,₹0.00,₹0.00,0.00,0.00,₹0.00,₹0.00,581,6,234,4,815,10,431,4,177,3,608,7,99.73%,100.00%,0.00%,0.00%,0.00%,0.00%,207,207,1,0,0.00%,0.00%,0,0,0,0,0.00%,0.00%,0,₹0.00,0,₹0.00,"₹11,785.59",₹0.00,3,0,3,0
18/03/26,"₹2,148.00",₹0.00,1,0,1,0,"₹2,148.00",₹0.00,1.00,0.00,"₹2,148.00",₹0.00,592,8,272,2,864,10,421,7,190,1,611,8,99.36%,100.00%,0.16%,0.00%,0.16%,0.00%,207,207,1,0,100.00%,0.00%,0,0,0,0,0.00%,0.00%,0,₹0.00,0,₹0.00,₹0.00,₹0.00,0,0,0,0
19/03/26,"₹6,359.00",₹0.00,2,0,2,0,"₹3,179.50",₹0.00,1.00,0.00,"₹3,179.50",₹0.00,586,7,187,0,773,7,425,6,154,0,579,6,99.42%,100.00%,0.35%,0.00%,0.35%,0.00%,206,206,0,0,0.00%,0.00%,0,0,0,0,0.00%,0.00%,0,₹0.00,0,₹0.00,"₹5,151.70",₹0.00,2,0,2,0
20/03/26,₹0.00,₹0.00,1,0,1,0,₹0.00,₹0.00,1.00,0.00,₹0.00,₹0.00,616,1,187,2,803,3,433,1,147,1,580,2,98.86%,100.00%,0.17%,0.00%,0.17%,0.00%,204,204,1,0,100.00%,0.00%,0,0,0,0,0.00%,0.00%,0,₹0.00,0,₹0.00,₹0.00,₹0.00,0,0,0,0
21/03/26,"₹1,699.00",₹0.00,1,0,1,0,"₹1,699.00",₹0.00,1.00,0.00,"₹1,699.00",₹0.00,698,3,216,0,914,3,488,3,171,0,659,3,99.13%,100.00%,0.15%,0.00%,0.15%,0.00%,205,205,1,0,100.00%,0.00%,0,0,0,0,0.00%,0.00%,0,₹0.00,0,₹0.00,"₹2,057.63",₹0.00,1,0,1,0
22/03/26,"₹2,047.00",₹0.00,1,0,1,0,"₹2,047.00",₹0.00,1.00,0.00,"₹2,047.00",₹0.00,726,6,337,1,"1,063",7,513,3,222,1,735,4,98.43%,100.00%,0.14%,0.00%,0.14%,0.00%,203,203,0,0,0.00%,0.00%,0,0,0,0,0.00%,0.00%,0,₹0.00,0,₹0.00,₹0.00,₹0.00,0,0,0,0
23/03/26,"₹4,945.00",₹0.00,2,0,2,0,"₹2,472.50",₹0.00,1.00,0.00,"₹2,472.50",₹0.00,744,15,328,1,"1,072",16,522,13,263,1,785,14,98.74%,100.00%,0.25%,0.00%,0.25%,0.00%,202,202,0,0,0.00%,0.00%,0,0,0,0,0.00%,0.00%,0,₹0.00,0,₹0.00,₹0.00,₹0.00,0,0,0,0
24/03/26,"₹3,772.00",₹0.00,2,0,2,0,"₹1,886.00",₹0.00,1.00,0.00,"₹1,886.00",₹0.00,658,7,273,2,931,9,478,7,205,2,683,9,98.47%,100.00%,0.29%,0.00%,0.29%,0.00%,202,202,0,0,0.00%,0.00%,0,0,0,0,0.00%,0.00%,0,₹0.00,0,₹0.00,"₹10,561.88",₹0.00,7,0,7,0
25/03/26,"₹3,746.00",₹0.00,1,0,1,0,"₹3,746.00",₹0.00,1.00,0.00,"₹3,746.00",₹0.00,640,5,279,1,919,6,459,5,208,1,667,6,99.03%,100.00%,0.15%,0.00%,0.15%,0.00%,202,202,0,0,0.00%,0.00%,0,0,0,0,0.00%,0.00%,0,₹0.00,0,₹0.00,₹0.00,₹0.00,0,0,0,0
26/03/26,"₹2,605.00",₹0.00,1,0,1,0,"₹2,605.00",₹0.00,1.00,0.00,"₹2,605.00",₹0.00,622,2,326,1,948,3,445,2,214,1,659,3,99.16%,100.00%,0.15%,0.00%,0.15%,0.00%,202,202,1,0,100.00%,0.00%,0,0,0,0,0.00%,0.00%,0,₹0.00,0,₹0.00,"₹3,174.58",₹0.00,1,0,1,0
27/03/26,"₹2,737.00",₹0.00,1,0,1,0,"₹2,737.00",₹0.00,1.00,0.00,"₹2,737.00",₹0.00,552,7,263,0,815,7,411,6,202,0,613,6,99.59%,100.00%,0.16%,0.00%,0.16%,0.00%,202,202,1,0,100.00%,0.00%,0,0,0,0,0.00%,0.00%,0,₹0.00,0,₹0.00,₹0.00,₹0.00,0,0,0,0
28/03/26,₹299.00,₹0.00,1,0,1,0,₹299.00,₹0.00,1.00,0.00,₹299.00,₹0.00,620,6,298,1,918,7,445,4,192,1,637,5,98.65%,100.00%,0.16%,0.00%,0.16%,0.00%,202,202,1,0,100.00%,0.00%,0,0,0,0,0.00%,0.00%,0,₹0.00,0,₹0.00,₹0.00,₹0.00,0,0,0,0
29/03/26,"₹2,999.00",₹0.00,1,0,1,0,"₹2,999.00",₹0.00,1.00,0.00,"₹2,999.00",₹0.00,682,8,258,2,940,10,470,7,197,2,667,9,98.70%,100.00%,0.15%,0.00%,0.15%,0.00%,201,201,0,0,0.00%,0.00%,0,0,0,0,0.00%,0.00%,0,₹0.00,0,₹0.00,₹0.00,₹0.00,0,0,0,0
30/03/26,"₹5,210.00",₹0.00,2,0,2,0,"₹2,605.00",₹0.00,1.00,0.00,"₹2,605.00",₹0.00,628,3,319,2,947,5,463,3,242,2,705,5,99.77%,100.00%,0.28%,0.00%,0.28%,0.00%,201,201,1,0,50.00%,0.00%,0,0,0,0,0.00%,0.00%,0,₹0.00,0,₹0.00,"₹9,678.43",₹0.00,5,0,5,0
31/03/26,"₹7,738.00",₹0.00,4,0,4,0,"₹1,934.50",₹0.00,1.00,0.00,"₹1,934.50",₹0.00,681,3,317,4,998,7,463,3,236,2,699,5,98.75%,100.00%,0.57%,0.00%,0.57%,0.00%,199,199,0,0,0.00%,0.00%,0,0,0,0,0.00%,0.00%,0,₹0.00,0,₹0.00,₹0.00,₹0.00,0,0,0,0
01/04/26,"₹1,700.00",₹0.00,1,0,1,0,"₹1,700.00",₹0.00,1.00,0.00,"₹1,700.00",₹0.00,606,7,269,3,875,10,458,6,223,2,681,8,99.63%,100.00%,0.15%,0.00%,0.15%,0.00%,198,198,1,0,100.00%,0.00%,0,0,0,0,0.00%,0.00%,0,₹0.00,0,₹0.00,"₹10,094.07",₹0.00,6,0,6,0
02/04/26,"₹2,344.00",₹0.00,1,0,1,0,"₹2,344.00",₹0.00,1.00,0.00,"₹2,344.00",₹0.00,579,9,271,1,850,10,433,7,199,1,632,8,99.23%,100.00%,0.16%,0.00%,0.16%,0.00%,198,198,0,0,0.00%,0.00%,0,0,0,0,0.00%,0.00%,0,₹0.00,0,₹0.00,₹0.00,₹0.00,0,0,0,0
03/04/26,"₹3,239.00",₹0.00,1,0,1,0,"₹3,239.00",₹0.00,1.00,0.00,"₹3,239.00",₹0.00,562,7,315,0,877,7,440,5,236,0,676,5,99.88%,100.00%,0.15%,0.00%,0.15%,0.00%,198,198,0,0,0.00%,0.00%,0,0,0,0,0.00%,0.00%,0,₹0.00,0,₹0.00,₹0.00,₹0.00,0,0,0,0
04/04/26,₹0.00,₹0.00,0,0,0,0,₹0.00,₹0.00,0.00,0.00,₹0.00,₹0.00,580,4,377,2,957,6,441,4,266,2,707,6,99.20%,100.00%,0.00%,0.00%,0.00%,0.00%,198,198,1,0,0.00%,0.00%,0,0,0,0,0.00%,0.00%,0,₹0.00,0,₹0.00,"₹4,731.36",₹0.00,2,0,2,0
05/04/26,"₹1,699.00",₹0.00,1,0,1,0,"₹1,699.00",₹0.00,1.00,0.00,"₹1,699.00",₹0.00,695,1,327,1,"1,022",2,475,1,241,1,716,2,100.00%,100.00%,0.14%,0.00%,0.14%,0.00%,198,198,1,0,100.00%,0.00%,0,0,0,0,0.00%,0.00%,0,₹0.00,0,₹0.00,₹0.00,₹0.00,0,0,0,0
06/04/26,"₹2,226.00",₹0.00,1,0,1,0,"₹2,226.00",₹0.00,1.00,0.00,"₹2,226.00",₹0.00,600,3,254,1,854,4,450,3,183,1,633,4,100.00%,100.00%,0.16%,0.00%,0.16%,0.00%,198,198,2,0,200.00%,0.00%,0,0,0,0,0.00%,0.00%,0,₹0.00,0,₹0.00,₹0.00,₹0.00,0,0,0,0
07/04/26,"₹2,316.00",₹0.00,2,0,2,0,"₹1,158.00",₹0.00,1.00,0.00,"₹1,158.00",₹0.00,615,9,308,2,923,11,438,7,218,2,656,9,99.64%,100.00%,0.30%,0.00%,0.30%,0.00%,197,197,0,0,0.00%,0.00%,0,0,0,0,0.00%,0.00%,0,₹0.00,0,₹0.00,₹0.00,₹0.00,0,0,0,0
08/04/26,"₹3,772.00",₹0.00,2,0,2,0,"₹1,886.00",₹0.00,1.00,0.00,"₹1,886.00",₹0.00,568,8,250,2,818,10,420,4,201,2,621,6,99.86%,100.00%,0.32%,0.00%,0.32%,0.00%,197,197,1,0,50.00%,0.00%,0,0,0,0,0.00%,0.00%,0,₹0.00,0,₹0.00,"₹5,325.88",₹0.00,4,0,4,0
09/04/26,"₹2,040.00",₹0.00,1,0,1,0,"₹2,040.00",₹0.00,1.00,0.00,"₹2,040.00",₹0.00,600,9,299,2,899,11,415,5,194,2,609,7,99.50%,100.00%,0.16%,0.00%,0.16%,0.00%,197,197,0,0,0.00%,0.00%,0,0,0,0,0.00%,0.00%,0,₹0.00,0,₹0.00,₹0.00,₹0.00,0,0,0,0
10/04/26,"₹6,083.00",₹0.00,3,0,3,0,"₹2,027.67",₹0.00,1.00,0.00,"₹2,027.67",₹0.00,512,4,265,1,777,5,410,3,187,1,597,4,99.72%,100.00%,0.50%,0.00%,0.50%,0.00%,195,195,1,0,33.33%,0.00%,0,0,0,0,0.00%,0.00%,0,₹0.00,0,₹0.00,"₹10,080.52",₹0.00,6,0,6,0
11/04/26,"₹2,474.00",₹0.00,1,0,1,0,"₹2,474.00",₹0.00,1.00,0.00,"₹2,474.00",₹0.00,541,4,290,0,831,4,384,3,211,0,595,3,99.73%,0.00%,0.17%,0.00%,0.17%,0.00%,195,195,3,0,300.00%,0.00%,0,0,0,0,0.00%,0.00%,0,₹0.00,0,₹0.00,₹0.00,₹0.00,0,0,0,0
12/04/26,₹0.00,₹0.00,0,0,0,0,₹0.00,₹0.00,0.00,0.00,₹0.00,₹0.00,575,6,257,1,832,7,417,6,186,1,603,7,99.60%,100.00%,0.00%,0.00%,0.00%,0.00%,195,195,0,0,0.00%,0.00%,0,0,0,0,0.00%,0.00%,0,₹0.00,0,₹0.00,₹0.00,₹0.00,0,0,0,0
13/04/26,"₹5,035.00",₹0.00,2,0,2,0,"₹2,517.50",₹0.00,1.00,0.00,"₹2,517.50",₹0.00,583,8,330,1,913,9,411,6,213,1,624,7,100.00%,100.00%,0.32%,0.00%,0.32%,0.00%,195,195,0,0,0.00%,0.00%,0,0,0,0,0.00%,0.00%,0,₹0.00,0,₹0.00,₹0.00,₹0.00,0,0,0,0
14/04/26,₹0.00,₹0.00,0,0,0,0,₹0.00,₹0.00,0.00,0.00,₹0.00,₹0.00,579,10,293,5,872,15,415,5,211,3,626,8,100.00%,100.00%,0.00%,0.00%,0.00%,0.00%,195,195,1,0,0.00%,0.00%,0,0,0,0,0.00%,0.00%,0,₹0.00,0,₹0.00,"₹6,363.56",₹0.00,3,0,3,0
15/04/26,"₹2,605.00",₹0.00,1,0,1,0,"₹2,605.00",₹0.00,1.00,0.00,"₹2,605.00",₹0.00,586,18,272,1,858,19,405,12,209,1,614,13,99.73%,100.00%,0.16%,0.00%,0.16%,0.00%,195,195,0,0,0.00%,0.00%,0,0,0,0,0.00%,0.00%,0,₹0.00,0,₹0.00,₹0.00,₹0.00,0,0,0,0
16/04/26,"₹2,225.00",₹0.00,1,0,1,0,"₹2,225.00",₹0.00,1.00,0.00,"₹2,225.00",₹0.00,499,3,261,2,760,5,368,2,196,1,564,3,99.85%,100.00%,0.18%,0.00%,0.18%,0.00%,194,194,1,0,100.00%,0.00%,0,0,0,0,0.00%,0.00%,0,₹0.00,0,₹0.00,₹0.00,₹0.00,0,0,0,0
17/04/26,"₹4,273.00",₹0.00,1,0,1,0,"₹4,273.00",₹0.00,1.00,0.00,"₹4,273.00",₹0.00,582,4,252,1,834,5,440,4,194,1,634,5,99.73%,100.00%,0.16%,0.00%,0.16%,0.00%,194,194,0,0,0.00%,0.00%,0,0,0,0,0.00%,0.00%,0,₹0.00,0,₹0.00,₹0.00,₹0.00,0,0,0,0
18/04/26,"₹2,737.00",₹0.00,1,0,1,0,"₹2,737.00",₹0.00,1.00,0.00,"₹2,737.00",₹0.00,633,10,285,2,918,12,436,5,230,2,666,7,99.63%,100.00%,0.15%,0.00%,0.15%,0.00%,194,194,0,0,0.00%,0.00%,0,0,0,0,0.00%,0.00%,0,₹0.00,0,₹0.00,"₹7,714.41",₹0.00,3,0,3,0
19/04/26,"₹7,724.00",₹0.00,3,0,3,0,"₹2,574.67",₹0.00,1.00,0.00,"₹2,574.67",₹0.00,657,5,287,1,944,6,459,2,216,1,675,3,99.17%,100.00%,0.44%,0.00%,0.44%,0.00%,194,194,0,0,0.00%,0.00%,0,0,0,0,0.00%,0.00%,0,₹0.00,0,₹0.00,₹0.00,₹0.00,0,0,0,0
20/04/26,"₹1,998.00",₹0.00,2,0,2,0,₹999.00,₹0.00,1.00,0.00,₹999.00,₹0.00,522,3,263,0,785,3,371,3,192,0,563,3,100.00%,100.00%,0.36%,0.00%,0.36%,0.00%,194,194,1,0,50.00%,0.00%,0,0,0,0,0.00%,0.00%,0,₹0.00,0,₹0.00,"₹9,155.54",₹0.00,5,0,5,0
21/04/26,"₹2,148.00",₹0.00,1,0,1,0,"₹2,148.00",₹0.00,1.00,0.00,"₹2,148.00",₹0.00,595,9,312,1,907,10,430,8,221,1,651,9,99.75%,100.00%,0.15%,0.00%,0.15%,0.00%,193,193,0,0,0.00%,0.00%,0,0,0,0,0.00%,0.00%,0,₹0.00,0,₹0.00,₹0.00,₹0.00,0,0,0,0
22/04/26,"₹3,121.00",₹0.00,2,0,2,0,"₹1,560.50",₹0.00,1.00,0.00,"₹1,560.50",₹0.00,539,11,261,1,800,12,407,6,206,1,613,7,99.04%,100.00%,0.33%,0.00%,0.33%,0.00%,191,191,1,0,50.00%,0.00%,0,0,0,0,0.00%,0.00%,0,₹0.00,0,₹0.00,"₹1,439.83",₹0.00,1,0,1,0
23/04/26,₹0.00,₹0.00,0,0,0,0,₹0.00,₹0.00,0.00,0.00,₹0.00,₹0.00,605,8,292,2,897,10,418,8,222,2,640,10,99.87%,100.00%,0.00%,0.00%,0.00%,0.00%,191,191,0,0,0.00%,0.00%,0,0,0,0,0.00%,0.00%,0,₹0.00,0,₹0.00,"₹4,502.16",₹0.00,3,0,3,0
24/04/26,"₹3,585.00",₹0.00,2,0,2,0,"₹1,792.50",₹0.00,1.00,0.00,"₹1,792.50",₹0.00,530,9,291,1,821,10,392,6,224,1,616,7,98.93%,71.43%,0.32%,0.00%,0.32%,0.00%,191,191,1,0,50.00%,0.00%,0,0,0,0,0.00%,0.00%,0,₹0.00,0,₹0.00,₹0.00,₹0.00,0,0,0,0
25/04/26,"₹3,746.00",₹0.00,1,0,1,0,"₹3,746.00",₹0.00,1.00,0.00,"₹3,746.00",₹0.00,517,4,219,0,736,4,386,4,174,0,560,4,99.85%,100.00%,0.18%,0.00%,0.18%,0.00%,191,191,2,0,200.00%,0.00%,0,0,0,0,0.00%,0.00%,0,₹0.00,0,₹0.00,"₹3,038.14",₹0.00,2,0,2,0
26/04/26,₹249.00,₹0.00,1,0,1,0,₹249.00,₹0.00,1.00,0.00,₹249.00,₹0.00,585,6,308,0,893,6,418,5,244,0,662,5,99.38%,50.00%,0.15%,0.00%,0.15%,0.00%,191,191,3,0,300.00%,0.00%,0,0,0,0,0.00%,0.00%,0,₹0.00,0,₹0.00,₹0.00,₹0.00,0,0,0,0
27/04/26,"₹3,399.00",₹0.00,2,0,2,0,"₹1,699.50",₹0.00,1.00,0.00,"₹1,699.50",₹0.00,689,4,301,1,990,5,470,4,227,1,697,5,99.77%,100.00%,0.29%,0.00%,0.29%,0.00%,191,191,1,0,50.00%,0.00%,0,0,0,0,0.00%,0.00%,0,₹0.00,0,₹0.00,₹0.00,₹0.00,0,0,0,0
28/04/26,"₹6,060.00","₹2,017.00",3,1,3,1,"₹2,020.00","₹2,017.00",1.00,1.00,"₹2,020.00","₹2,017.00",644,13,297,1,941,14,462,7,234,1,696,8,99.77%,83.33%,0.43%,12.50%,0.43%,12.50%,190,190,1,0,33.33%,0.00%,0,0,0,0,0.00%,0.00%,0,₹0.00,0,₹0.00,"₹11,432.42","₹1,709.32",7,1,7,1
29/04/26,"₹3,746.00",₹0.00,1,0,1,0,"₹3,746.00",₹0.00,1.00,0.00,"₹3,746.00",₹0.00,613,3,361,2,974,5,456,3,245,2,701,5,99.66%,100.00%,0.14%,0.00%,0.14%,0.00%,190,190,1,0,100.00%,0.00%,0,0,0,0,0.00%,0.00%,0,₹0.00,0,₹0.00,₹0.00,₹0.00,0,0,0,0
30/04/26,"₹7,271.00",₹0.00,1,0,1,0,"₹7,271.00",₹0.00,1.00,0.00,"₹7,271.00",₹0.00,623,14,289,1,912,15,443,6,235,1,678,7,99.63%,100.00%,0.15%,0.00%,0.15%,0.00%,189,189,1,0,100.00%,0.00%,0,0,0,0,0.00%,0.00%,0,₹0.00,0,₹0.00,₹0.00,₹0.00,0,0,0,0
01/05/26,"₹6,475.00",₹0.00,3,0,3,0,"₹2,158.33",₹0.00,1.00,0.00,"₹2,158.33",₹0.00,664,7,344,1,"1,008",8,463,6,245,1,708,7,99.89%,100.00%,0.42%,0.00%,0.42%,0.00%,188,188,0,0,0.00%,0.00%,0,0,0,0,0.00%,0.00%,0,₹0.00,0,₹0.00,₹0.00,₹0.00,0,0,0,0
02/05/26,"₹4,348.00","₹4,348.00",1,1,1,1,"₹4,348.00","₹4,348.00",1.00,1.00,"₹4,348.00","₹4,348.00",619,15,280,3,899,18,437,5,214,3,651,8,99.75%,100.00%,0.15%,12.50%,0.15%,12.50%,188,188,0,0,0.00%,0.00%,0,0,0,0,0.00%,0.00%,0,₹0.00,0,₹0.00,"₹14,823.73",₹0.00,5,0,5,0
03/05/26,"₹6,247.00",₹0.00,3,0,3,0,"₹2,082.33",₹0.00,1.00,0.00,"₹2,082.33",₹0.00,563,6,295,1,858,7,406,5,218,1,624,6,99.48%,100.00%,0.48%,0.00%,0.48%,0.00%,188,188,2,0,66.67%,0.00%,0,0,0,0,0.00%,0.00%,0,₹0.00,0,₹0.00,₹0.00,₹0.00,0,0,0,0
04/05/26,"₹4,230.00",₹0.00,2,0,2,0,"₹2,115.00",₹0.00,1.00,0.00,"₹2,115.00",₹0.00,563,5,338,0,901,5,419,3,242,0,661,3,99.88%,100.00%,0.30%,0.00%,0.30%,0.00%,188,188,1,0,50.00%,0.00%,0,0,0,0,0.00%,0.00%,0,₹0.00,0,₹0.00,"₹10,577.14","₹3,684.75",5,1,5,1
05/05/26,"₹7,908.00",₹0.00,3,0,3,0,"₹2,636.00",₹0.00,1.00,0.00,"₹2,636.00",₹0.00,628,7,310,1,938,8,468,6,236,1,704,7,99.53%,100.00%,0.43%,0.00%,0.43%,0.00%,188,188,0,0,0.00%,0.00%,0,0,0,0,0.00%,0.00%,0,₹0.00,0,₹0.00,₹0.00,₹0.00,0,0,0,0
06/05/26,"₹3,395.00",₹0.00,2,0,2,0,"₹1,697.50",₹0.00,1.00,0.00,"₹1,697.50",₹0.00,591,10,328,1,919,11,455,8,246,1,701,9,99.29%,100.00%,0.29%,0.00%,0.29%,0.00%,187,187,0,0,0.00%,0.00%,0,0,0,0,0.00%,0.00%,0,₹0.00,0,₹0.00,"₹10,125.43",₹0.00,5,0,5,0
07/05/26,"₹2,573.00",₹0.00,1,0,1,0,"₹2,573.00",₹0.00,1.00,0.00,"₹2,573.00",₹0.00,564,5,413,1,977,6,451,5,284,1,735,6,99.78%,100.00%,0.14%,0.00%,0.14%,0.00%,187,187,1,0,100.00%,0.00%,0,0,0,0,0.00%,0.00%,0,₹0.00,0,₹0.00,₹0.00,₹0.00,0,0,0,0
08/05/26,"₹10,934.00",₹0.00,3,0,3,0,"₹3,644.67",₹0.00,1.00,0.00,"₹3,644.67",₹0.00,639,8,389,2,"1,028",10,500,7,306,2,806,9,98.42%,100.00%,0.37%,0.00%,0.37%,0.00%,186,186,2,0,66.67%,0.00%,0,0,0,0,0.00%,0.00%,0,₹0.00,0,₹0.00,"₹12,886.44",₹0.00,5,0,5,0
09/05/26,"₹5,474.00",₹0.00,2,0,2,0,"₹2,737.00",₹0.00,1.00,0.00,"₹2,737.00",₹0.00,659,5,420,0,"1,079",5,494,5,325,0,819,5,99.40%,100.00%,0.24%,0.00%,0.24%,0.00%,186,186,0,0,0.00%,0.00%,0,0,0,0,0.00%,0.00%,0,₹0.00,0,₹0.00,₹0.00,₹0.00,0,0,0,0
10/05/26,"₹2,344.00",₹0.00,1,0,1,0,"₹2,344.00",₹0.00,1.00,0.00,"₹2,344.00",₹0.00,687,3,365,2,"1,052",5,521,2,286,1,807,3,99.59%,100.00%,0.12%,0.00%,0.12%,0.00%,186,186,4,0,400.00%,0.00%,0,0,0,0,0.00%,0.00%,0,₹0.00,0,₹0.00,₹0.00,₹0.00,0,0,0,0
11/05/26,"₹1,699.00",₹0.00,1,0,1,0,"₹1,699.00",₹0.00,1.00,0.00,"₹1,699.00",₹0.00,652,5,465,1,"1,117",6,512,5,366,1,878,6,99.81%,100.00%,0.11%,0.00%,0.11%,0.00%,186,186,0,0,0.00%,0.00%,0,0,0,0,0.00%,0.00%,0,₹0.00,0,₹0.00,₹0.00,₹0.00,0,0,0,0